prerequisite_code,course_code
VPAB16H3,ACMC01H3
VPAB17H3,ACMC01H3
ACMC01H3,ACMD01H3
ACMD01H3,ACMD02H3
MATA30H3,ACTB40H3
MATA31H3,ACTB40H3
MATA34H3,ACTB40H3
AFSA01H3,AFSB05H3
ANTA02H3,AFSB05H3
AFSA01H3,AFSB50H3
AFSA01H3,AFSB54H3
AFSB51H3,AFSB54H3
IDSA01H3,AFSC03H3
AFSA01H3,AFSC03H3
AFSA01H3,AFSC19H3
IDSA01H3,AFSC19H3
POLB90H3,AFSC19H3
VPHA46H3,AFSC52H3
AFSA03H3,AFSC53H3
IDSA02H3,AFSC53H3
IDSB01H3,AFSC53H3
IDSB02H3,AFSC53H3
WSTA01H3,AFSC53H3
WSTA03H3,AFSC53H3
AFSB50H3,AFSC55H3
HISB50H3,AFSC55H3
AFSB51H3,AFSC55H3
HISB51H3,AFSC55H3
HISC50H3,AFSC55H3
HISC51H3,AFSC55H3
AFSA01H3,AFSC97H3
HISA08H3,AFSC97H3
AFSB50H3,AFSC97H3
HISB50H3,AFSC97H3
AFSB51H3,AFSC97H3
HISB51H3,AFSC97H3
AFSA01H3,AFSD07H3
IDSA01H3,AFSD07H3
POLB90H3,AFSD07H3
AFSA01H3,AFSD16H3
IDSA01H3,AFSD16H3
POLB90H3,AFSD16H3
IDSA01H3,AFSD20H3
AFSA01H3,AFSD20H3
POLC09H3,AFSD20H3
AFSB51H3,AFSD51H3
HISB51H3,AFSD51H3
HISD50H3,AFSD51H3
AFSB50H3,AFSD52H3
HISB50H3,AFSD52H3
AFSB51H3,AFSD52H3
HISB51H3,AFSD52H3
HISC55H3,AFSD52H3
ANTA02H3,ANTB01H3
ANTA02H3,ANTB02H3
ANTA02H3,ANTB05H3
AFSA01H3,ANTB05H3
ANTA02H3,ANTB09H3
ANTA02H3,ANTB12H3
ANTA01H3,ANTB14H3
ANTA01H3,ANTB15H3
HLTA02H3,ANTB15H3
HLTA03H3,ANTB15H3
ANTA02H3,ANTB16H3
ANTA02H3,ANTB18H3
ANTA02H3,ANTB19H3
ANTA02H3,ANTB20H3
ANTA02H3,ANTB26H3
ANTA02H3,ANTB33H3
ANTA02H3,ANTB35H3
MDSA01H3,ANTB35H3
ANTA02H3,ANTB36H3
ANTA02H3,ANTB42H3
ANTA02H3,ANTB64H3
ANTA02H3,ANTB65H3
ANTA02H3,ANTB66H3
ANTA01H3,ANTB80H3
ANTA01H3,ANTC03H3
ANTA02H3,ANTC03H3
ANTA01H3,ANTC04H3
ANTA02H3,ANTC04H3
ANTB19H3,ANTC07H3
ANTB20H3,ANTC07H3
ANTA02H3,ANTC09H3
ANTB19H3,ANTC09H3
ANTB20H3,ANTC09H3
ANTB19H3,ANTC10H3
ANTB20H3,ANTC10H3
ANTB19H3,ANTC14H3
ANTB20H3,ANTC14H3
ANTB19H3,ANTC15H3
ANTB20H3,ANTC15H3
ANTA01H3,ANTC16H3
ANTB14H3,ANTC16H3
ANTC17H3,ANTC16H3
ANTA01H3,ANTC17H3
ANTA02H3,ANTC17H3
ANTB19H3,ANTC18H3
ANTB20H3,ANTC18H3
ANTB19H3,ANTC19H3
ANTB20H3,ANTC19H3
ANTB19H3,ANTC20H3
ANTB20H3,ANTC20H3
ANTB19H3,ANTC22H3
ANTB20H3,ANTC22H3
ANTB19H3,ANTC24H3
ANTB20H3,ANTC24H3
HLTB42H3,ANTC24H3
ANTB19H3,ANTC25H3
ANTB20H3,ANTC25H3
ANTB22H3,ANTC27H3
ANTA01H3,ANTC29H3
ANTA01H3,ANTC30H3
ANTB11H3,ANTC30H3
ANTB80H3,ANTC30H3
ANTB19H3,ANTC31H3
ANTB20H3,ANTC31H3
ANTB19H3,ANTC32H3
ANTB20H3,ANTC32H3
ANTB19H3,ANTC33H3
ANTB20H3,ANTC33H3
ANTB19H3,ANTC34H3
ANTB20H3,ANTC34H3
ANTA01H3,ANTC35H3
ANTA02H3,ANTC35H3
ANTB14H3,ANTC40H3
ANTB15H3,ANTC40H3
ANTB14H3,ANTC41H3
ANTB15H3,ANTC41H3
BIOA01H3,ANTC41H3
BIOA02H3,ANTC41H3
ANTC41H3,ANTC42H3
ANTB19H3,ANTC44H3
ANTB20H3,ANTC44H3
ANTB01H3,ANTC44H3
ESTB01H3,ANTC44H3
ANTA01H3,ANTC47H3
BIOB33H3,ANTC47H3
HLTB33H3,ANTC47H3
PMDB33H3,ANTC47H3
ANTC47H3,ANTC48H3
ANTB19H3,ANTC52H3
ANTB20H3,ANTC52H3
ANTB19H3,ANTC53H3
ANTB20H3,ANTC53H3
MDSA01H3,ANTC53H3
MDSB05H3,ANTC53H3
CLAA04H3,ANTC58H3
HISA07H3,ANTC58H3
CLAB05H3,ANTC58H3
HISB10H3,ANTC58H3
CLAB06H3,ANTC58H3
HISB11H3,ANTC58H3
ANTA02H3,ANTC58H3
ANTB19H3,ANTC58H3
ANTB20H3,ANTC58H3
HISB02H3,ANTC58H3
AFSB50H3,ANTC58H3
HISB50H3,ANTC58H3
AFSB51H3,ANTC58H3
HISB51H3,ANTC58H3
HISB53H3,ANTC58H3
HISB57H3,ANTC58H3
HISB58H3,ANTC58H3
HISB60H3,ANTC58H3
HISB61H3,ANTC58H3
HISB62H3,ANTC58H3
HISB93H3,ANTC58H3
HISB94H3,ANTC58H3
ANTB19H3,ANTC59H3
ANTB20H3,ANTC59H3
MDSA01H3,ANTC59H3
MDSB05H3,ANTC59H3
ANTB19H3,ANTC61H3
ANTB20H3,ANTC61H3
HLTB42H3,ANTC61H3
ANTB14H3,ANTC62H3
ANTB15H3,ANTC62H3
ANTB19H3,ANTC65H3
ANTB20H3,ANTC65H3
ANTB19H3,ANTC66H3
ANTB20H3,ANTC66H3
ANTB19H3,ANTC69H3
ANTB20H3,ANTC69H3
ANTB19H3,ANTC70H3
ANTB20H3,ANTC70H3
ANTA01H3,ANTC71H3
ANTB80H3,ANTC71H3
EESA01H3,ANTC71H3
BIOB50H3,ANTC71H3
ANTB19H3,ANTC80H3
ANTB20H3,ANTC80H3
ANTB19H3,ANTC88H3
ANTB20H3,ANTC88H3
ANTA01H3,ANTC99H3
ANTB14H3,ANTC99H3
ANTB19H3,ANTD04H3
ANTB20H3,ANTD04H3
ANTB19H3,ANTD05H3
ANTB20H3,ANTD05H3
ANTC60H3,ANTD05H3
ANTC70H3,ANTD05H3
ANTB19H3,ANTD06H3
ANTB20H3,ANTD06H3
ANTB19H3,ANTD07H3
ANTB20H3,ANTD07H3
ANTB19H3,ANTD10H3
ANTB20H3,ANTD10H3
ANTB14H3,ANTD13H3
ANTB15H3,ANTD13H3
ANTB19H3,ANTD15H3
ANTB20H3,ANTD15H3
ANTC62H3,ANTD16H3
ANTC47H3,ANTD17H3
ANTC48H3,ANTD17H3
ANTA01H3,ANTD18H3
ANTB22H3,ANTD19H3
ANTB19H3,ANTD20H3
ANTB20H3,ANTD20H3
ANTB22H3,ANTD22H3
ANTB14H3,ANTD25H3
ANTA01H3,ANTD26H3
ANTB80H3,ANTD26H3
FSTA01H3,ANTD26H3
ANTA01H3,ANTD31H3
ANTA02H3,ANTD31H3
ANTA01H3,ANTD32H3
ANTA02H3,ANTD32H3
ANTA01H3,ANTD33H3
EESA01H3,ANTD33H3
ESTB01H3,ANTD33H3
ANTC47H3,ANTD35H3
ANTC48H3,ANTD35H3
ANTB14H3,ANTD40H3
ANTB15H3,ANTD40H3
ANTB19H3,ANTD41H3
ANTB20H3,ANTD41H3
ANTA01H3,ANTD60H3
ANTB80H3,ANTD60H3
ANTA01H3,ANTD70H3
ANTB80H3,ANTD70H3
HISB14H3,ANTD71H3
HISC14H3,ANTD71H3
HISC04H3,ANTD71H3
ANTB19H3,ANTD98H3
ANTB20H3,ANTD98H3
ANTB14H3,ANTD99H3
MATA30H3,ASTB23H3
MATA36H3,ASTB23H3
MATA37H3,ASTB23H3
PHYA21H3,ASTB23H3
ASTB23H3,ASTC02H3
MATB41H3,ASTC25H3
PHYA21H3,ASTC25H3
BIOA11H3,BIOA01H3
BIOA11H3,BIOA02H3
BIOA01H3,BIOB10H3
BIOA02H3,BIOB10H3
CHMA10H3,BIOB10H3
CHMA11H3,BIOB10H3
BIOA01H3,BIOB11H3
BIOA02H3,BIOB11H3
CHMA10H3,BIOB11H3
CHMA11H3,BIOB11H3
CHMA10H3,BIOB12H3
CHMA11H3,BIOB12H3
BIOA01H3,BIOB20H3
BIOA02H3,BIOB20H3
BIOA01H3,BIOB33H3
BIOA02H3,BIOB33H3
HLTA03H3,BIOB33H3
HLTA20H3,BIOB33H3
BIOA01H3,BIOB34H3
BIOA02H3,BIOB34H3
CHMA11H3,BIOB34H3
BIOA01H3,BIOB35H3
BIOA11H3,BIOB35H3
BIOA01H3,BIOB38H3
BIOA02H3,BIOB38H3
BIOA01H3,BIOB50H3
BIOA02H3,BIOB50H3
BIOA01H3,BIOB51H3
BIOA02H3,BIOB51H3
BIOA01H3,BIOB52H3
BIOA02H3,BIOB52H3
BIOA01H3,BIOB98H3
BIOA02H3,BIOB98H3
BIOB98H3,BIOB99H3
BIOB10H3,BIOC10H3
BIOB11H3,BIOC10H3
BIOB10H3,BIOC12H3
BIOB11H3,BIOC12H3
CHMB41H3,BIOC12H3
BIOB10H3,BIOC13H3
BIOB11H3,BIOC13H3
CHMB41H3,BIOC13H3
BIOB10H3,BIOC14H3
BIOB11H3,BIOC14H3
BIOB10H3,BIOC15H3
BIOB11H3,BIOC15H3
PSYB07H3,BIOC15H3
STAB22H3,BIOC15H3
BIOB51H3,BIOC16H3
BIOB10H3,BIOC17H3
BIOB11H3,BIOC17H3
BIOB10H3,BIOC19H3
BIOB11H3,BIOC19H3
BIOB10H3,BIOC20H3
BIOB11H3,BIOC20H3
BIOB10H3,BIOC21H3
BIOB34H3,BIOC21H3
BIOB12H3,BIOC23H3
BIOC12H3,BIOC23H3
BIOB50H3,BIOC29H3
BIOB51H3,BIOC29H3
BIOB10H3,BIOC31H3
BIOB11H3,BIOC31H3
BIOB34H3,BIOC32H3
NROB60H3,BIOC32H3
BIOB34H3,BIOC34H3
NROB60H3,BIOC34H3
BIOB10H3,BIOC35H3
BIOB11H3,BIOC35H3
BIOB38H3,BIOC37H3
BIOB50H3,BIOC37H3
BIOB51H3,BIOC37H3
BIOB10H3,BIOC39H3
BIOB11H3,BIOC39H3
BIOB10H3,BIOC40H3
BIOB11H3,BIOC40H3
BIOB50H3,BIOC50H3
BIOB51H3,BIOC50H3
BIOB50H3,BIOC51H3
BIOB51H3,BIOC51H3
BIOB52H3,BIOC51H3
BIOB50H3,BIOC54H3
BIOB51H3,BIOC54H3
BIOB50H3,BIOC58H3
BIOB51H3,BIOC58H3
BIOB50H3,BIOC59H3
BIOB50H3,BIOC60H3
BIOB51H3,BIOC60H3
BIOB50H3,BIOC61H3
BIOB50H3,BIOC62H3
BIOB51H3,BIOC62H3
BIOB50H3,BIOC63H3
BIOB51H3,BIOC63H3
BIOB50H3,BIOC65H3
CHMA10H3,BIOC65H3
CHMA11H3,BIOC65H3
ANTA01H3,BIOC70H3
BIOA01H3,BIOC70H3
BIOA02H3,BIOC70H3
BIOA11H3,BIOC70H3
HLTA02H3,BIOC70H3
HLTA03H3,BIOC70H3
PSYA01H3,BIOC70H3
PSYA02H3,BIOC70H3
ANTB14H3,BIOC70H3
ANTB15H3,BIOC70H3
HLTB20H3,BIOC70H3
HLTB22H3,BIOC70H3
BIOB90H3,BIOC90H3
BIOC32H3,BIOD06H3
NROC34H3,BIOD06H3
NROC64H3,BIOD06H3
NROC69H3,BIOD06H3
BIOC32H3,BIOD07H3
NROC34H3,BIOD07H3
NROC64H3,BIOD07H3
NROC69H3,BIOD07H3
NROC34H3,BIOD08H3
NROC64H3,BIOD08H3
NROC69H3,BIOD08H3
MATA29H3,BIOD08H3
MATA30H3,BIOD08H3
MATA31H3,BIOD08H3
PSYB07H3,BIOD08H3
STAB22H3,BIOD08H3
BIOC10H3,BIOD12H3
BIOC12H3,BIOD12H3
BIOC13H3,BIOD13H3
BIOC15H3,BIOD15H3
BIOC17H3,BIOD17H3
BIOC39H3,BIOD17H3
BIOC14H3,BIOD19H3
BIOC20H3,BIOD20H3
BIOB12H3,BIOD21H3
BIOC15H3,BIOD21H3
BIOC17H3,BIOD21H3
BIOC10H3,BIOD22H3
BIOC12H3,BIOD22H3
BIOC15H3,BIOD22H3
BIOC12H3,BIOD23H3
BIOC19H3,BIOD24H3
BIOC15H3,BIOD25H3
BIOC17H3,BIOD26H3
BIOC39H3,BIOD26H3
BIOB34H3,BIOD27H3
BIOC32H3,BIOD27H3
BIOC34H3,BIOD27H3
BIOC10H3,BIOD29H3
BIOC20H3,BIOD29H3
BIOC39H3,BIOD29H3
BIOC15H3,BIOD30H3
BIOC31H3,BIOD30H3
BIOC40H3,BIOD30H3
BIOC34H3,BIOD32H3
BIOC33H3,BIOD33H3
BIOC34H3,BIOD33H3
BIOB34H3,BIOD34H3
BIOC31H3,BIOD37H3
BIOC40H3,BIOD37H3
BIOC33H3,BIOD43H3
BIOC34H3,BIOD43H3
BIOC54H3,BIOD45H3
NROC34H3,BIOD45H3
BIOB50H3,BIOD48H3
BIOB51H3,BIOD48H3
BIOC50H3,BIOD48H3
BIOC54H3,BIOD48H3
BIOC61H3,BIOD48H3
BIOC50H3,BIOD52H3
BIOC63H3,BIOD52H3
BIOC54H3,BIOD53H3
BIOC62H3,BIOD54H3
BIOC63H3,BIOD54H3
BIOC54H3,BIOD55H3
BIOB50H3,BIOD59H3
MATA29H3,BIOD59H3
MATA30H3,BIOD59H3
MATA31H3,BIOD59H3
BIOB50H3,BIOD60H3
STAB22H3,BIOD60H3
BIOC59H3,BIOD60H3
BIOC61H3,BIOD60H3
BIOC16H3,BIOD62H3
BIOC50H3,BIOD62H3
BIOB50H3,BIOD63H3
BIOB51H3,BIOD63H3
BIOC51H3,BIOD63H3
BIOC52H3,BIOD63H3
BIOC54H3,BIOD63H3
BIOC58H3,BIOD63H3
BIOC59H3,BIOD63H3
BIOC60H3,BIOD63H3
BIOC61H3,BIOD63H3
BIOB10H3,BIOD65H3
BIOB11H3,BIOD65H3
BIOC32H3,BIOD65H3
NROC61H3,BIOD65H3
NROC64H3,BIOD65H3
NROC69H3,BIOD65H3
BIOB51H3,BIOD66H3
BIOC59H3,BIOD66H3
BIOC61H3,BIOD66H3
BIOD95H3,BIOD95H3
BIOD98Y3,BIOD95H3
BIOD99Y3,BIOD95H3
CHMA10H3,CHMA11H3
CHMA10H3,CHMA12H3
MATA29H3,CHMA12H3
MATA30H3,CHMA12H3
CHMA10H3,CHMB16H3
CHMA11H3,CHMB16H3
CHMA12H3,CHMB16H3
MATA29H3,CHMB16H3
MATA30H3,CHMB16H3
MATA35H3,CHMB16H3
MATA36H3,CHMB16H3
CHMA11H3,CHMB20H3
CHMA12H3,CHMB20H3
MATA35H3,CHMB20H3
MATA36H3,CHMB20H3
MATA37H3,CHMB20H3
PHYA10H3,CHMB20H3
PHYA11H3,CHMB20H3
CHMB20H3,CHMB21H3
CHMB23H3,CHMB21H3
CHMA11H3,CHMB23H3
CHMA12H3,CHMB23H3
MATA35H3,CHMB23H3
MATA36H3,CHMB23H3
MATA37H3,CHMB23H3
PHYA10H3,CHMB23H3
PHYA11H3,CHMB23H3
CHMA10H3,CHMB31H3
CHMA11H3,CHMB31H3
CHMA12H3,CHMB31H3
CHMA11H3,CHMB41H3
CHMA12H3,CHMB41H3
CHMA11H3,CHMB42H3
CHMA12H3,CHMB42H3
CHMB41H3,CHMB42H3
CHMA10H3,CHMB43Y3
CHMA11H3,CHMB43Y3
CHMA12H3,CHMB43Y3
CHMA10H3,CHMB55H3
CHMA11H3,CHMB55H3
CHMA12H3,CHMB55H3
CHMA10H3,CHMB62H3
CHMA11H3,CHMB62H3
CHMA12H3,CHMB62H3
CHMB41H3,CHMB62H3
CHMB16H3,CHMC11H3
CHMC11H3,CHMC16H3
CHMB23H3,CHMC20H3
CHMB21H3,CHMC20H3
MATB41H3,CHMC20H3
PHYA21H3,CHMC20H3
CHMB21H3,CHMC21H3
CHMB16H3,CHMC31Y3
CHMB20H3,CHMC31Y3
CHMB23H3,CHMC31Y3
CHMB31H3,CHMC31Y3
CHMB42H3,CHMC31Y3
CHMB41H3,CHMC42H3
CHMB42H3,CHMC42H3
CHMB41H3,CHMC47H3
CHMB42H3,CHMC47H3
CHMC47H3,CHMC71H3
CHMB16H3,CHMD11H3
CHMC11H3,CHMD11H3
CHMB55H3,CHMD16H3
CHMC11H3,CHMD16H3
CHMB41H3,CHMD41H3
CHMB42H3,CHMD41H3
BIOC12H3,CHMD47H3
BIOC13H3,CHMD47H3
CHMC47H3,CHMD47H3
BIOC12H3,CHMD69H3
BIOC13H3,CHMD69H3
CHMB62H3,CHMD69H3
CHMB31H3,CHMD69H3
CHMC42H3,CHMD89H3
CHMC47H3,CHMD89H3
CHMC42H3,CHMD92H3
CHMC31Y3,CHMD92H3
CITA01H3,CITB01H3
CITA02H3,CITB01H3
CITA01H3,CITB01H3
CITA02H3,CITB01H3
CITA01H3,CITB03H3
CITA02H3,CITB03H3
CITA01H3,CITB03H3
CITA02H3,CITB03H3
CITA01H3,CITB04H3
CITA02H3,CITB04H3
CITA01H3,CITB04H3
CITA02H3,CITB04H3
CITA01H3,CITB05H3
CITA02H3,CITB05H3
CITA01H3,CITB07H3
CITA02H3,CITB07H3
CITA01H3,CITB08H3
CITA02H3,CITB08H3
CITA01H3,CITB08H3
CITA02H3,CITB08H3
CITB04H3,CITC12H3
STAB22H3,CITC18H3
CITB05H3,CITC54H3
CLAA04H3,CLAC05H3
HISA07H3,CLAC05H3
CLAB05H3,CLAC05H3
HISB10H3,CLAC05H3
CLAB06H3,CLAC05H3
HISB11H3,CLAC05H3
CLAA04H3,CLAC68H3
HISA07H3,CLAC68H3
CLAB05H4,CLAC68H3
HISB10H3,CLAC68H3
CLAB06H3,CLAC68H3
HISB11H3,CLAC68H3
ANTA02H3,CLAC68H3
ANTB19H3,CLAC68H3
ANTB20H3,CLAC68H3
HISB02H3,CLAC68H3
AFSB50H3,CLAC68H3
HISB50H3,CLAC68H3
AFSB51H3,CLAC68H3
HISB51H3,CLAC68H3
HISB53H3,CLAC68H3
HISB57H3,CLAC68H3
HISB58H3,CLAC68H3
HISB60H3,CLAC68H3
HISB61H3,CLAC68H3
HISB62H3,CLAC68H3
HISB93H3,CLAC68H3
HISB94H3,CLAC68H3
WSTC13H3,CLAC94H3
COPB30H3,COPB31H3
COPD02H3,COPB31H3
COPB30H3,COPB33H3
COPB31H3,COPB33H3
COPB50H3,COPB51H3
COPD01H3,COPB51H3
COPB51H3,COPB52H3
COPD03H3,COPB52H3
COPB52H3,COPB53H3
COPD11H3,COPB53H3
COPB52H3,COPC01H3
COPD11H3,COPC01H3
COPB52H3,COPC03H3
COPD11H3,COPC03H3
COPB52H3,COPC05H3
COPD11H3,COPC05H3
COPB10Y3,COPC07H3
COPD07Y3,COPC07H3
COPD08Y3,COPC07H3
COPB11H3,COPC07H3
COPB12H3,COPC07H3
COPB13H3,COPC07H3
COPB14H3,COPC07H3
COPB31H3,COPC09H3
COPD04H3,COPC09H3
IDSC01H3,COPC09H3
IDSC04H3,COPC09H3
COPB52H3,COPC13H3
COPD11H3,COPC13H3
COPB52H3,COPC14H3
COPD11H3,COPC14H3
COPB52H3,COPC20H3
COPD11H3,COPC20H3
COPB52H3,COPC21H3
COPD11H3,COPC21H3
COPB52H3,COPC30H3
COPD11H3,COPC30H3
COPB52H3,COPC40H3
COPD11H3,COPC40H3
COPB52H3,COPC98H3
COPD11H3,COPC98H3
COPC98H3,COPC99H3
COPD12H3,COPC99H3
CRTB01H3,CRTC72H3
CRTB02H3,CRTC72H3
CRTB01H3,CRTC80H3
VPHB39H3,CRTD43H3
CRTB01H3,CRTD43H3
CRTB02H3,CRTD43H3
VPHB39H3,CRTD44H3
CRTB01H3,CRTD44H3
CRTB02H3,CRTD44H3
CSCA08H3,CSCA48H3
CSCA48H3,CSCB07H3
CSCA48H3,CSCB09H3
CSCA48H3,CSCB36H3
CSCA65H3,CSCB36H3
CSCA67H3,CSCB36H3
CSCA48H3,CSCB58H3
PHYB57H3,CSCB58H3
PSCB57H3,CSCB58H3
CSCB36H3,CSCB63H3
CSCB07H3,CSCC01H3
CSCB09H3,CSCC01H3
CSCB09H3,CSCC09H3
CSCB07H3,CSCC10H3
MATB24H3,CSCC11H3
MATB41H3,CSCC11H3
STAB52H3,CSCC11H3
CSCB07H3,CSCC24H3
CSCB09H3,CSCC24H3
MATA22H3,CSCC37H3
MATA36H3,CSCC37H3
MATA37H3,CSCC37H3
CSCB09H3,CSCC43H3
CSCB63H3,CSCC43H3
CSCB63H3,CSCC46H3
STAB52H3,CSCC46H3
MATA22H3,CSCC46H3
MATA23H3,CSCC46H3
CSCB36H3,CSCC63H3
CSCB63H3,CSCC63H3
CSCB07H3,CSCC69H3
CSCB09H3,CSCC69H3
CSCB58H3,CSCC69H3
CSCB63H3,CSCC73H3
STAB52H3,CSCC73H3
CSCB58H3,CSCC85H3
CSCB09H3,CSCC85H3
CSCC01H3,CSCD01H3
MATB24H3,CSCD18H3
MATB41H3,CSCD18H3
CSCB09H3,CSCD18H3
CSCC37H3,CSCD18H3
CSCB63H3,CSCD25H3
CSCC11H3,CSCD25H3
CSCB09H3,CSCD27H3
CSCB36H3,CSCD27H3
CSCB58H3,CSCD27H3
CSCC37H3,CSCD37H3
MATB24H3,CSCD37H3
MATB41H3,CSCD37H3
CSCC43H3,CSCD43H3
CSCC69H3,CSCD43H3
CSCC73H3,CSCD43H3
CSCB58H3,CSCD58H3
CSCB63H3,CSCD58H3
STAB52H3,CSCD58H3
CSCB63H3,CSCD70H3
CSCC69H3,CSCD70H3
STAB52H3,CSCD84H3
CSCB63H3,CSCD84H3
CSCD94H3,CSCD95H3
DTSB01H3,DTSB02H3
DTSB02H3,DTSB02H3
ECTB61H3,ECTC61H3
ECTB58H3,ECTC62H3
ECTB61H3,ECTC62H3
ECTB58H3,ECTC63H3
ECTB61H3,ECTC63H3
ECTB58H3,ECTC66H3
ECTB61H3,ECTC66H3
ECTB58H3,ECTC67H3
ECTB61H3,ECTC67H3
ECTB58H3,ECTD63H3
ECTB61H3,ECTD63H3
ECTB58H3,ECTD66H3
ECTB61H3,ECTD66H3
ECTB58H3,ECTD67H3
ECTB61H3,ECTD67H3
ECTB58H3,ECTD68H3
ECTB61H3,ECTD68H3
LGGC64H3,ECTD68H3
LGGC65H3,ECTD68H3
LGGD66H3,ECTD68H3
LGGC67H3,ECTD68H3
LGGD67H3,ECTD68H3
LGGC66H3,ECTD68H3
ECTB58H3,ECTD69H3
ECTB61H3,ECTD69H3
LGGC64H3,ECTD69H3
LGGC65H3,ECTD69H3
LGGD66H3,ECTD69H3
LGGC67H3,ECTD69H3
LGGD67H3,ECTD69H3
LGGC66H3,ECTD69H3
ECTC63H3,ECTD70H3
EESA06H3,EESB02H3
EESA06H3,EESB03H3
EESA09H3,EESB03H3
MATA29H3,EESB03H3
MATA30H3,EESB03H3
EESA01H3,EESB04H3
EESA06H3,EESB04H3
EESA01H3,EESB05H3
EESA06H3,EESB05H3
EESA06H3,EESB15H3
BIOA01H3,EESB16H3
BIOA02H3,EESB16H3
EESA01H3,EESB17H3
EESA07H3,EESB17H3
CHMA10H3,EESB19H3
CHMA11H3,EESB19H3
EESB15H3,EESB19H3
EESB15H3,EESB20H3
EESA06H3,EESB22H3
PHYA10H3,EESB22H3
PHYA11H3,EESB22H3
MATA36H3,EESB26H3
PHYA21H3,EESB26H3
BIOB50H3,EESC02H3
EESA06H3,EESC03H3
BIOB50H3,EESC04H3
EESA06H3,EESC07H3
EESB03H3,EESC18H3
EESB03H3,EESC19H3
CHMA10H3,EESC20H3
CHMA11H3,EESC20H3
EESB15H3,EESC20H3
EESB15H3,EESC22H3
PHYA21H3,EESC22H3
MATA36H3,EESC26H3
MATA37H3,EESC26H3
PHYA10H3,EESC26H3
CHMA10H3,EESC30H3
CHMA11H3,EESC30H3
BIOB50H3,EESC30H3
BIOB51H3,EESC30H3
EESA06H3,EESC31H3
EESB20H3,EESC31H3
EESB19H3,EESC36H3
EESC35H3,EESC36H3
PHYA10H3,EESC37H3
PHYA11H3,EESC37H3
EESB15H3,EESC37H3
EESB20H3,EESC37H3
ESTB01H3,EESC38H3
EESB03H3,EESC38H3
EESB04H3,EESC38H3
EESB05H3,EESC38H3
EESB03H3,EESD06H3
EESC16H3,EESD07H3
EESB04H3,EESD11H3
BIOA01H3,EESD15H3
BIOA02H3,EESD15H3
CHMA10H3,EESD15H3
CHMA11H3,EESD15H3
PHYA10H3,EESD15H3
PHYA11H3,EESD15H3
MATA21H3,EESD21H3
MATA35H3,EESD21H3
MATA36H3,EESD21H3
PHYB57H3,EESD21H3
PSCB57H3,EESD21H3
STAB22H3,EESD21H3
MATA30H3,EESD28H3
STAB22H3,EESD28H3
STAB22H3,EESD31H3
EESB03H3,EESD31H3
EESB02H3,EESD33H3
EESC07H3,EESD33H3
ENGA10H3,ENGB29H3
ENGA11H3,ENGB29H3
ENGB70H3,ENGB29H3
FLMA70H3,ENGB29H3
ENGA03H3,ENGB60H3
ENGA03H3,ENGB61H3
ENGA03H3,ENGB63H3
ENGA02H3,ENGB72H3
ENGB61H3,ENGC04H3
ENGB60H3,ENGC05H3
ENGB61H3,ENGC06H3
THRB20H3,ENGC07H3
VPDB10H3,ENGC07H3
THRB21H3,ENGC07H3
VPDB11H3,ENGC07H3
ENGB60H3,ENGC08H3
ENGB61H3,ENGC08H3
ENGB63H3,ENGC24H3
VPDB10H3,ENGC26H3
VPDB11H3,ENGC26H3
THRB20H3,ENGC27H3
VPDB10H3,ENGC27H3
THRB21H3,ENGC27H3
VPDB11H3,ENGC27H3
SOCB58H3,ENGC59H3
ENGA02H3,ENGC74H3
ENGB60H3,ENGC86H3
ENGB61H3,ENGC87H3
ENGB63H3,ENGC88H3
ENGA01H3,ENGD02Y3
ENGA02H3,ENGD02Y3
AFSA01H3,ENGD08H3
ENGB22H3,ENGD08H3
ENGC72H3,ENGD08H3
ENGB60H3,ENGD26Y3
ENGC86H3,ENGD26Y3
ENGB61H3,ENGD27Y3
ENGB63H3,ENGD27Y3
ENGC87H3,ENGD27Y3
ENGC88H3,ENGD27Y3
ENGB60H3,ENGD28Y3
ENGC86H3,ENGD28Y3
ENGB61H3,ENGD28Y3
ENGC87H3,ENGD28Y3
ESTB01H3,ESTC35H3
ESTB01H3,ESTC36H3
ESTB04H3,ESTC37H3
ESTB01H3,ESTC38H3
EESB03H3,ESTC38H3
EESB04H3,ESTC38H3
EESB05H3,ESTC38H3
ESTB04H3,ESTC40H3
STAB22H3,ESTD19H3
ESTB04H3,ESTD20H3
FLMA70H3,FLMC81H3
ENGB70H3,FLMC81H3
SOCB58H3,FLMC83H3
FLMA70H3,FLMC93H3
ENGB70H3,FLMC93H3
FREA91Y3,FREA01H3
FREA99H3,FREA01H3
FREA01H3,FREA02H3
FREA90Y3,FREA91Y3
FREA97H3,FREA91Y3
FREA96H3,FREA97H3
LGGA21H3,FREA97H3
FREA97H3,FREA98H3
LGGA22H3,FREA98H3
FREA98H3,FREA99H3
LGGB23H3,FREA99H3
FREA01H3,FREB01H3
FREA02H3,FREB01H3
FREB01H3,FREB02H3
FREA01H3,FREB08H3
FREA02H3,FREB08H3
FREA01H3,FREB11H3
FREA02H3,FREB11H3
FREA01H3,FREB17H3
FREA02H3,FREB17H3
FREA01H3,FREB18H3
FREA02H3,FREB18H3
FREA01H3,FREB20H3
FREA02H3,FREB20H3
FREA01H3,FREB22H3
FREA02H3,FREB22H3
FREA01H3,FREB27H3
FREA02H3,FREB27H3
FREA01H3,FREB28H3
FREA02H3,FREB28H3
FREA01H3,FREB35H3
FREA02H3,FREB35H3
FREA01H3,FREB36H3
FREA02H3,FREB36H3
FREA01H3,FREB37H3
FREA02H3,FREB37H3
FREA01H3,FREB44H3
FREA02H3,FREB44H3
FREA01H3,FREB45H3
FREA02H3,FREB45H3
FREA01H3,FREB46H3
FREA02H3,FREB46H3
FREA01H3,FREB50H3
FREA02H3,FREB50H3
FREA01H3,FREB51H3
FREA02H3,FREB51H3
FREA01H3,FREB55H3
FREA02H3,FREB55H3
FREA01H3,FREB70H3
FREA02H3,FREB70H3
FREA01H3,FREB84H3
FREA02H3,FREB84H3
FREB01H3,FREC01H3
FREB02H3,FREC01H3
FREC01H3,FREC02H3
FREB02H3,FREC03H3
FREB50H3,FREC03H3
FREC01H3,FREC10H3
FREB01H3,FREC11H3
FREB02H3,FREC11H3
FREB11H3,FREC11H3
FREB01H3,FREC18H3
FREB08H3,FREC18H3
FREB09H3,FREC18H3
FREB50H3,FREC38H3
FREB44H3,FREC44H3
FREB45H3,FREC44H3
FREB45H3,FREC46H3
LINA01H3,FREC47H3
LINA02H3,FREC47H3
FREB44H3,FREC47H3
FREB45H3,FREC47H3
FREB01H3,FREC48H3
FREB02H3,FREC48H3
FREB44H3,FREC48H3
FREB45H3,FREC48H3
FREB46H3,FREC48H3
FREB27H3,FREC54H3
FREB50H3,FREC54H3
FREB01H3,FREC57H3
FREB02H3,FREC57H3
FREB50H3,FREC57H3
FREB50H3,FREC58H3
FREB01H3,FREC63H3
FREB02H3,FREC63H3
FREB50H3,FREC63H3
FREB50H3,FREC64H3
FREB70H3,FREC70H3
FREB01H3,FREC83H3
FREB02H3,FREC83H3
FREB22H3,FREC83H3
FREB27H3,FREC83H3
FREB28H3,FREC83H3
FREC02H3,FRED01H3
FREC02H3,FRED06H3
FREB50H3,FRED13H3
FREB50H3,FRED14H3
FREC18H3,FRED28H3
FREB01H3,FRED90Y3
FREB84H3,FRED90Y3
FREB17H3,FRED90Y3
FREB18H3,FRED90Y3
FSTA01H3,FSTC43H3
GGRA02H3,FSTC43H3
GGRA03H3,FSTC43H3
FSTB01H3,FSTD01H3
FSTB01H3,FSTD10H3
FSTB01H3,FSTD11H3
MDSA01H3,GASB05H3
ANTB19H3,GASB42H3
ANTB20H3,GASB42H3
VPHA46H3,GASB73H3
GASA01H3,GASB73H3
GASB20H3,GASC43H3
GASB58H3,GASC43H3
HISB58H3,GASC43H3
GASC20H3,GASC43H3
VPHB39H3,GASC74H3
VPHB73H3,GASC74H3
HISB58H3,GASC74H3
GASB31H3,GASC74H3
GASB33H3,GASC74H3
GASB35H3,GASC74H3
SOCB05H3,GASD20H3
GASA01H3,GASD20H3
GASA02H3,GASD20H3
IDSB11H3,GASD20H3
SOCB60H3,GASD56H3
GGRB30H3,GGRB32H3
GGRA30H3,GGRC12H3
GGRB05H3,GGRC12H3
CITA01H3,GGRC12H3
CITB02H3,GGRC12H3
GGRB32H3,GGRC15H3
MGEA01H3,GGRC27H3
GGRB02H3,GGRC27H3
GGRB05H3,GGRC27H3
CITB01H3,GGRC27H3
CITA01H3,GGRC27H3
CITB02H3,GGRC27H3
MGEB01H3,GGRC27H3
MGEB02H3,GGRC27H3
MGEB05H3,GGRC27H3
MGEB06H3,GGRC27H3
GGRB32H3,GGRC30H3
STAB23H3,GGRC32H3
GGRB30H3,GGRC32H3
GGRB05H3,GGRC34H3
GGRB30H3,GGRC34H3
STAB22H3,GGRC42H3
FSTA01H3,GGRC43H3
GGRA02H3,GGRC43H3
GGRA03H3,GGRC43H3
GGRB02H3,GGRC54H3
GGRB02H3,GGRD01H3
GGRB21H3,GGRD08H3
GGRB13H3,GGRD10H3
IDSB04H3,GGRD10H3
WSTB05H3,GGRD10H3
GGRB02H3,GGRD11H3
GGRB02H3,GGRD12H3
GGRC31H3,GGRD13H3
GGRB05H3,GGRD14H3
GGRB13H3,GGRD14H3
CITA01H3,GGRD14H3
CITB02H3,GGRD14H3
IDSB06H3,GGRD14H3
GGRB05H3,GGRD16H3
CITA01H3,GGRD16H3
CITB02H3,GGRD16H3
GGRB05H3,GGRD25H3
CITA01H3,GGRD25H3
CITB02H3,GGRD25H3
GGRC30H3,GGRD30H3
AFSA01H3,HISB50H3
AFSA01H3,HISB54H3
AFSB51H3,HISB54H3
HISB03H3,HISC01H3
HISB05H3,HISC07H3
CLAA04H3,HISC10H3
HISA07H3,HISC10H3
CLAB05H3,HISC10H3
HISB10H3,HISC10H3
CLAB06H3,HISC10H3
HISB11H3,HISC10H3
HISB30H3,HISC33H3
HISB31H3,HISC33H3
AFSB51H3,HISC34H3
HISB31H3,HISC34H3
SOCB60H3,HISC36H3
VPHA46H3,HISC52H3
AFSB50H3,HISC55H3
HISB50H3,HISC55H3
AFSB51H3,HISC55H3
HISB51H3,HISC55H3
HISC50H3,HISC55H3
HISC51H3,HISC55H3
CLAA04H3,HISC68H3
HISA07H3,HISC68H3
CLAB05H3,HISC68H3
HISB10H3,HISC68H3
CLAB06H3,HISC68H3
HISB11H3,HISC68H3
ANTA02H3,HISC68H3
ANTB19H3,HISC68H3
ANTB20H3,HISC68H3
HISB02H3,HISC68H3
AFSB50H3,HISC68H3
HISB50H3,HISC68H3
AFSB51H3,HISC68H3
HISB51H3,HISC68H3
HISB53H3,HISC68H3
HISB57H3,HISC68H3
HISB58H3,HISC68H3
HISB60H3,HISC68H3
HISB61H3,HISC68H3
HISB62H3,HISC68H3
HISB93H3,HISC68H3
HISB94H3,HISC68H3
WSTC13H3,HISC94H3
HISA08H3,HISC97H3
AFSA01H3,HISC97H3
HISB50H3,HISC97H3
AFSB50H3,HISC97H3
HISB51H3,HISC97H3
AFSB51H3,HISC97H3
HISB90H3,HISD14H3
HISB91H3,HISD14H3
HISB92H3,HISD14H3
HISB93H3,HISD14H3
SOCB60H3,HISD31H3
HISB03H3,HISD33H3
HISB30H3,HISD34H3
HISB31H3,HISD34H3
SOCB60H3,HISD35H3
HISB41H3,HISD47H3
AFSB50H3,HISD50H3
HISB50H3,HISD50H3
AFSB51H3,HISD50H3
HISB51H3,HISD50H3
AFSC55H3,HISD50H3
HISC55H3,HISD50H3
AFSB51H3,HISD51H3
HISB51H3,HISD51H3
HISD50H3,HISD51H3
AFSB50H3,HISD52H3
HISB50H3,HISD52H3
AFSB51H3,HISD52H3
HISB51H3,HISD52H3
HISC55H3,HISD52H3
SOCB60H3,HISD56H3
AFSC52H3,HISD57H3
HISC52H3,HISD57H3
VPHC52H3,HISD57H3
HISB60H3,HISD63H3
HISB61H3,HISD63H3
HISB60H3,HISD64H3
HISB61H3,HISD64H3
HISC14H3,HISD70H3
HISB14H3,HISD70H3
HISB14H3,HISD71H3
HISC14H3,HISD71H3
HISC04H3,HISD71H3
HLTA02H3,HLTA03H3
HLTA02H3,HLTB11H3
HLTA03H3,HLTB11H3
HLTA02H3,HLTB15H3
HLTA03H3,HLTB15H3
SOCB60H3,HLTB15H3
HLTA02H3,HLTB16H3
HLTA03H3,HLTB16H3
ANTA01H3,HLTB20H3
HLTA02H3,HLTB20H3
HLTA03H3,HLTB20H3
HLTA02H3,HLTB22H3
HLTA03H3,HLTB22H3
BIOA11H3,HLTB22H3
BIOA01H3,HLTB22H3
HLTA03H3,HLTB24H3
HLTA03H3,HLTB27H3
STAB23H3,HLTB27H3
HLTA02H3,HLTB27H3
STAB23H3,HLTB27H3
BIOA01H3,HLTB33H3
BIOA02H3,HLTB33H3
HLTA03H3,HLTB33H3
HLTA20H3,HLTB33H3
HLTA02H3,HLTB40H3
HLTA03H3,HLTB40H3
HLTA02H3,HLTB41H3
HLTA03H3,HLTB41H3
HLTA02H3,HLTB42H3
HLTA03H3,HLTB42H3
HLTA02H3,HLTB44H3
HLTA03H3,HLTB44H3
HLTA20H3,HLTB44H3
BIOA11H3,HLTB44H3
BIOA01H3,HLTB44H3
HLTB41H3,HLTC02H3
HLTB50H3,HLTC04H3
ANTB19H3,HLTC04H3
HISB03H3,HLTC04H3
GGRB03H3,HLTC04H3
GGRC31H3,HLTC04H3
PHLB05,HLTC04H3
PHLB07,HLTC04H3
PHLB09H3,HLTC04H3
POLC78H3,HLTC04H3
SOCB05H3,HLTC04H3
VPHB39H3,HLTC04H3
WSTB05H3,HLTC04H3
WSTC02H3,HLTC04H3
HLTB16H3,HLTC16H3
HLTB16H3,HLTC17H3
HLTB22H3,HLTC19H3
HLTB41H3,HLTC19H3
HLTB60H3,HLTC20H3
HLTB22H3,HLTC22H3
HLTB41H3,HLTC22H3
HLTB22H3,HLTC23H3
HLTB41H3,HLTC23H3
HLTB22H3,HLTC24H3
HLTB22H3,HLTC25H3
HLTB22H3,HLTC26H3
HLTB15H3,HLTC27H3
HLTB16H3,HLTC27H3
STAB23H3,HLTC27H3
HLTB22H3,HLTC28H3
HLTB22H3,HLTC29H3
HLTB22H3,HLTC30H3
HLTB40H3,HLTC42H3
HLTB40H3,HLTC43H3
HLTB40H3,HLTC44H3
HLTB41H3,HLTC46H3
IDSB04H3,HLTC46H3
HLTB42H3,HLTC47H3
HLTB41H3,HLTC48H3
HLTB41H3,HLTC49H3
SOCB05H3,HLTC49H3
SOCB35H3,HLTC49H3
SOCB30H3,HLTC49H3
SOCB42H3,HLTC49H3
SOCB43H3,HLTC49H3
SOCB47H3,HLTC49H3
HLTB50H3,HLTC50H3
HLTB41H3,HLTC51H3
SOCB05H3,HLTC51H3
SOCB35H3,HLTC51H3
SOCB30H3,HLTC51H3
SOCB42H3,HLTC51H3
SOCB43H3,HLTC51H3
SOCB47H3,HLTC51H3
HLTB50H3,HLTC52H3
HLTB50H3,HLTC53H3
HLTB50H3,HLTC55H3
HLTB50H3,HLTC56H3
HLTB60H3,HLTC56H3
HLTB60H3,HLTC60H3
HLTB50H3,HLTC60H3
HLTB40H3,HLTC81H3
HLTB42H3,HLTD06H3
HLTC17H3,HLTD07H3
HLTC27H3,HLTD08H3
HLTC27H3,HLTD09H3
STAB22H3,HLTD11H3
STAB23H3,HLTD11H3
HLTC42H3,HLTD11H3
HLTC43H3,HLTD11H3
HLTC44H3,HLTD11H3
SOCB05H3,HLTD11H3
SOCB35H3,HLTD11H3
SOCB30H3,HLTD11H3
SOCB42H3,HLTD11H3
SOCB43H3,HLTD11H3
SOCB47H3,HLTD11H3
HLTC26H3,HLTD13H3
HLTB44H3,HLTD18H3
HLTC19H3,HLTD18H3
HLTC23H3,HLTD18H3
HLTC25H3,HLTD23H3
HLTC24H3,HLTD25H3
HLTB15H3,HLTD26H3
HLTC22H3,HLTD26H3
HLTC26H3,HLTD27H3
HLTC26H3,HLTD28H3
ANTC67H3,HLTD44H3
BIOA11H3,HLTD44H3
BIOA01H3,HLTD44H3
BIOB33H3,HLTD44H3
HLTB33H3,HLTD44H3
BIOB35H3,HLTD44H3
BIOC14H3,HLTD44H3
BIOC65H3,HLTD44H3
HLTB22H3,HLTD44H3
HLTC22H3,HLTD44H3
HLTC24H3,HLTD44H3
HLTC27H3,HLTD44H3
HLTC02H3,HLTD49H3
HLTC43H3,HLTD49H3
HLTC46H3,HLTD49H3
HLTB50H3,HLTD50H3
HLTB50H3,HLTD51H3
HLTB50H3,HLTD52H3
HLTB50H3,HLTD53H3
HLTB50H3,HLTD54H3
HLTB15H3,HLTD71Y3
STAB23H3,HLTD71Y3
HLTB41H3,HLTD80H3
HLTB40H3,HLTD81H3
HLTB41H3,HLTD82H3
PMDC54Y3,HLTD96Y3
PMDC56H3,HLTD96Y3
PSYB07H3,HLTD96Y3
STAB23H3,HLTD96Y3
MGEA01H3,IDSB01H3
ECMA01H3,IDSB01H3
MGEA05H3,IDSB01H3
ECMA05H3,IDSB01H3
MGEA02H3,IDSB01H3
ECMA04H3,IDSB01H3
MGEA06H3,IDSB01H3
ECMA06H3,IDSB01H3
IDSA01H3,IDSB01H3
IDSA01H3,IDSB02H3
EESA01H3,IDSB02H3
IDSA01H3,IDSB04H3
IDSA01H3,IDSB06H3
IDSA01H3,IDSB10H3
IDSA01H3,IDSB11H3
IDSA01H3,IDSC01H3
IDSB07H3,IDSC01H3
EESA01H3,IDSC02H3
IDSA01H3,IDSC03H3
AFSA01H3,IDSC03H3
IDSA01H3,IDSC04H3
IDSA01H3,IDSC06H3
IDSA01H3,IDSC07H3
IDSC04H3,IDSC07H3
IDSA01H3,IDSC08H3
IDSB10H3,IDSC08H3
IDSA01H3,IDSC10H3
IDSA01H3,IDSC11H3
IDSB04H3,IDSC11H3
IDSA01H3,IDSC12H3
IDSB01H3,IDSC12H3
IDSA01H3,IDSC13H3
POLB90H3,IDSC13H3
IDSB01H3,IDSC14H3
FSTA01H3,IDSC14H3
FSTB01H3,IDSC14H3
IDSA01H3,IDSC15H3
IDSA01H3,IDSC16H3
POLB90H3,IDSC16H3
IDSA01H3,IDSC17H3
IDSA01H3,IDSC18H3
AFSA01H3,IDSC19H3
IDSA01H3,IDSC19H3
POLB90H3,IDSC19H3
IDSA01H3,IDSC20H3
IDSB06H3,IDSC20H3
IDSC20H3,IDSC21H3
IDSA01H3,IDSD01Y3
IDSC04H3,IDSD02H3
IDSB04H3,IDSD05H3
AFSA01H3,IDSD07H3
IDSA01H3,IDSD07H3
POLB90H3,IDSD07H3
IDSA01H3,IDSD08H3
IDSA01H3,IDSD10H3
IDSA01H3,IDSD12H3
IDSA01H3,IDSD13H3
IDSA01H3,IDSD14H3
IDSA01H3,IDSD15H3
AFSA01H3,IDSD16H3
IDSA01H3,IDSD16H3
POLB90H3,IDSD16H3
IDSA01H3,IDSD19H3
IDSA01H3,IDSD20H3
AFSA01H3,IDSD20H3
POLC09H3,IDSD20H3
IDSB01H3,IDSD90H3
IDSB04H3,IDSD90H3
IDSB06H3,IDSD90H3
POLB90H3,IDSD90H3
POLB91H3,IDSD90H3
MDSA21H3,JOUA02H3
JOUA01H3,JOUA02H3
JOUB01H3,JOUA06H3
JOUB02H3,JOUA06H3
ACMB02H3,JOUA06H3
JOUA01H3,JOUB01H3
JOUA02H3,JOUB01H3
JOUA01H3,JOUB02H3
JOUA02H3,JOUB02H3
JOUB05H3,JOUB03H3
JOUB19H3,JOUB03H3
JOUC18H3,JOUB03H3
JOUC19H3,JOUB03H3
JOUC20H3,JOUB03H3
JOUB09H3,JOUB03H3
JOUB20H3,JOUB03H3
JOUB01H3,JOUB11H3
JOUB02H3,JOUB11H3
ACMB02H3,JOUB11H3
JOUB01H3,JOUB14H3
JOUB02H3,JOUB14H3
ACMB02H3,JOUB14H3
JOUB01H3,JOUB18H3
JOUB02H3,JOUB18H3
ACMB02H3,JOUB18H3
JOUA01H3,JOUB19H3
JOUA02H3,JOUB19H3
JOUB01H3,JOUB19H3
JOUB02H3,JOUB19H3
ACMB02H3,JOUB19H3
JOUA06H3,JOUB20H3
JOUB11H3,JOUB20H3
JOUB14H3,JOUB20H3
JOUB18H3,JOUB20H3
JOUB19H3,JOUB20H3
MDSA21H3,JOUB39H3
JOUA01H3,JOUB39H3
MDSA22H3,JOUB39H3
JOUA02H3,JOUB39H3
HUMA01H3,JOUB39H3
JOUB05H3,JOUC13H3
JOUC18H3,JOUC13H3
JOUC19H3,JOUC13H3
JOUC20H3,JOUC13H3
JOUB09H3,JOUC13H3
JOUB20H3,JOUC13H3
JOUA06H3,JOUC18H3
JOUB11H3,JOUC18H3
JOUB14H3,JOUC18H3
JOUB18H3,JOUC18H3
JOUB19H3,JOUC18H3
JOUA06H3,JOUC19H3
JOUB11H3,JOUC19H3
JOUB14H3,JOUC19H3
JOUB18H3,JOUC19H3
JOUB19H3,JOUC19H3
JOUA06H3,JOUC21H3
JOUB11H3,JOUC21H3
JOUB14H3,JOUC21H3
JOUB18H3,JOUC21H3
JOUB19H3,JOUC21H3
JOUA06H3,JOUC22H3
JOUB11H3,JOUC22H3
JOUB14H3,JOUC22H3
JOUB18H3,JOUC22H3
JOUB19H3,JOUC22H3
MDSB05H3,JOUC30H3
JOUB39H3,JOUC30H3
JOUB24H3,JOUC31H3
MDSA01H3,JOUC62H3
MDSB05H3,JOUC62H3
JOUA01H3,JOUC62H3
JOUA02H3,JOUC62H3
JOUB03H3,JOUD10H3
JOUC13H3,JOUD10H3
JOUC25H3,JOUD10H3
ACMB02H3,JOUD11H3
JOUC30H3,JOUD12H3
JOUC31H3,JOUD12H3
JOUC62H3,JOUD12H3
JOUC63H3,JOUD12H3
LGGA10H3,LGGA12H3
LGGA60H3,LGGA61H3
LGGA01H3,LGGA61H3
LGGA64H3,LGGA65H3
LGGA62H3,LGGA65H3
LGGA70H3,LGGA71H3
LGGA74H3,LGGA75H3
LGGA80H3,LGGA81H3
LGGA61H3,LGGB60H3
LGGA02H3,LGGB60H3
LGGB60H3,LGGB61H3
LGGA65H3,LGGB62H3
LGGA63H3,LGGB62H3
LGGB62H3,LGGB63H3
LGGB70H3,LGGB71H3
LGGA75H3,LGGB74H3
LGGB61H3,LGGC60H3
LGGB04H3,LGGC60H3
LGGC60H3,LGGC61H3
LGGB70H3,LGGC70H3
LGGB71H3,LGGC70H3
LINA01H3,LINA02H3
LINB09H3,LINB04H3
LINA01H3,LINB06H3
LINA01H3,LINB09H3
LINA01H3,LINB10H3
LINA02H3,LINB19H3
LINA02H3,LINB20H3
LINA02H3,LINB29H3
LINA01H3,LINB30H3
LINB06H3,LINB60H3
LINB18H3,LINB60H3
LINA01H3,LINB62H3
LINA02H3,LINB62H3
LINA01H3,LINB98H3
LINA02H3,LINB98H3
LINB04H3,LINC02H3
LINB09H3,LINC02H3
LINA02H3,LINC10H3
LINB04H3,LINC10H3
LINB06H3,LINC10H3
LINB10H3,LINC10H3
LINB06H3,LINC11H3
LINA01H3,LINC12H3
FREB44H3,LINC12H3
FREB45H3,LINC12H3
LINB04H3,LINC13H3
LINB06H3,LINC13H3
LINB10H3,LINC13H3
LINA01H3,LINC28H3
LINB29H3,LINC29H3
STAB22H3,LINC29H3
STAB23H3,LINC29H3
PSYB07H3,LINC29H3
LINB30H3,LINC35H3
LINA01H3,LINC47H3
LINA02H3,LINC47H3
FREB44H3,LINC47H3
FREB45H3,LINC47H3
LINB04H3,LINC61H3
LINB06H3,LINC61H3
LINA01H3,LINC98H3
LINA02H3,LINC98H3
LINB09H3,LIND09H3
LINB29H3,LIND09H3
LINB20H3,LIND11H3
LINB04H3,LIND29H3
LINB06H3,LIND29H3
LINB10H3,LIND29H3
FREB44H3,LIND46H3
FREC46H3,LIND46H3
LINB10H3,LIND46H3
MATA29H3,MATA35H3
MATA30H3,MATA36H3
MATA31H3,MATA37H3
MATA67H3,MATA37H3
CSCA67H3,MATA37H3
MATA22H3,MATB24H3
MATA22H3,MATB41H3
MATA23H3,MATB41H3
MATA36H3,MATB41H3
MATA37H3,MATB41H3
MATB41H3,MATB42H3
MATA37H3,MATB43H3
MATB24H3,MATB43H3
MATA36H3,MATB44H3
MATA37H3,MATB44H3
MATA22H3,MATB44H3
MATA23H3,MATB44H3
MATA22H3,MATB61H3
MATA23H3,MATB61H3
MATB41H3,MATB61H3
MATA36H3,MATC01H3
MATA37H3,MATC01H3
MATB24H3,MATC01H3
MATB24H3,MATC09H3
MATB43H3,MATC09H3
CSCB36H3,MATC09H3
MATB24H3,MATC15H3
MATB41H3,MATC15H3
MATB41H3,MATC27H3
MATB43H3,MATC27H3
MATB24H3,MATC32H3
CSCB36H3,MATC32H3
MATB42H3,MATC34H3
MATB43H3,MATC37H3
MATB24H3,MATC44H3
MATB44H3,MATC46H3
MATB44H3,MATC58H3
MATB42H3,MATC63H3
MATB43H3,MATC63H3
MATA67H3,MATC82H3
CSCA67H3,MATC82H3
CSCA65H3,MATC82H3
MATA22H3,MATC82H3
MATA23H3,MATC82H3
MATA37H3,MATC82H3
MATA36H3,MATC82H3
MATA02H3,MATC90H3
MATC01H3,MATD01H3
MATA22H3,MATD02H3
MATA23H3,MATD02H3
MATB43H3,MATD09H3
MATC09H3,MATD09H3
MATC27H3,MATD09H3
MATC37H3,MATD09H3
MATC01H3,MATD10H3
MATC34H3,MATD10H3
MATC35H3,MATD10H3
MATC37H3,MATD10H3
MATC15H3,MATD10H3
MATD02H3,MATD10H3
MATC01H3,MATD11H3
MATC34H3,MATD11H3
MATC35H3,MATD11H3
MATC37H3,MATD11H3
MATC15H3,MATD11H3
MATD02H3,MATD11H3
MATC01H3,MATD12H3
MATC34H3,MATD12H3
MATC35H3,MATD12H3
MATC37H3,MATD12H3
MATC15H3,MATD12H3
MATD02H3,MATD12H3
MATC15H3,MATD16H3
STAB52H3,MATD16H3
STAB53H3,MATD16H3
MATC63H3,MATD26H3
MATB43H3,MATD34H3
MATC34H3,MATD34H3
MATA37H3,MATD35H3
MATA36H3,MATD35H3
MATB41H3,MATD35H3
MATC34H3,MATD35H3
MATC32H3,MATD44H3
MATC44H3,MATD44H3
MATA37H3,MATD46H3
MATA36H,MATD46H3
MATB41H3,MATD46H3
MATB44H3,MATD46H3
MATB24H3,MATD50H3
STAB52H3,MATD50H3
STAB53H3,MATD50H3
MATB43H3,MATD67H3
MUZA80H3,MBTB13H3
MUZB40H3,MBTB13H3
MUZB41H3,MBTB13H3
MUZB80H3,MBTB13H3
MUZA80H3,MBTB41H3
MUZB40H3,MBTB41H3
MUZB41H3,MBTB41H3
MUZB80H3,MBTB41H3
MUZA80H3,MBTB50H3
MUZB40H3,MBTB50H3
MUZB41H3,MBTB50H3
MUZB80H3,MBTB50H3
MUZA80H3,MBTC62H3
MUZB80H3,MBTC62H3
MUZB40H3,MBTC62H3
MUZB41H3,MBTC62H3
MUZA80H3,MBTC63H3
MUZB80H3,MBTC63H3
MUZB40H3,MBTC63H3
MUZB41H3,MBTC63H3
MUZA80H3,MBTC70H3
MUZB80H3,MBTC70H3
MUZB40H3,MBTC70H3
MUZB41H3,MBTC70H3
MUZA80H3,MBTC72H3
MUZB80H3,MBTC72H3
MUZB40H3,MBTC72H3
MUZB41H3,MBTC72H3
MDSA10H3,MDSA13H3
MDSA01H3,MDSA13H3
MDSA01H3,MDSB05H3
ANTA02H3,MDSB09H3
MDSA01H3,MDSB09H3
MDSA10H3,MDSB11H3
MDSA01H3,MDSB11H3
MDSA11H3,MDSB11H3
MDSA12H3,MDSB11H3
MDSA13H3,MDSB11H3
MDSA02H3,MDSB11H3
JOUA01H3,MDSB11H3
JOUA02H3,MDSB11H3
MDSA01H3,MDSB12H3
MDSA02H3,MDSB12H3
MDSA10H3,MDSB16H3
MDSA01H3,MDSB16H3
VPHA46H3,MDSB16H3
MDSA10H3,MDSB17H3
MDSA01H3,MDSB17H3
MDSA11H3,MDSB17H3
MDSA12H3,MDSB17H3
MDSA13H3,MDSB17H3
MDSA02H3,MDSB17H3
JOUA01H3,MDSB17H3
JOUA02H3,MDSB17H3
MDSA11H3,MDSB17H3
MDSA13H3,MDSB17H3
MDSA02H3,MDSB17H3
MDSA10H3,MDSB20H3
MDSA01H3,MDSB20H3
MDSA11H3,MDSB20H3
MDSA12H3,MDSB20H3
MDSA13H3,MDSB20H3
MDSA02H3,MDSB20H3
JOUA01H3,MDSB20H3
JOUA02H3,MDSB20H3
MDSA11H3,MDSB20H3
MDSA13H3,MDSB20H3
MDSA02H3,MDSB20H3
MDSA10H3,MDSB21H3
MDSA01H3,MDSB21H3
MDSA11H3,MDSB21H3
MDSA12H3,MDSB21H3
MDSA13H3,MDSB21H3
MDSA02H3,MDSB21H3
JOUA01H3,MDSB21H3
JOUA02H3,MDSB21H3
MDSA10H3,MDSB22H3
MDSA01H3,MDSB22H3
MDSA11H3,MDSB22H3
MDSA12H3,MDSB22H3
MDSA13H3,MDSB22H3
MDSA02H3,MDSB22H3
JOUA01H3,MDSB22H3
JOUA02H3,MDSB22H3
MDSA11H3,MDSB22H3
MDSA13H3,MDSB22H3
MDSA02H3,MDSB22H3
MDSA10H3,MDSB23H3
MDSA01H3,MDSB23H3
MDSA11H3,MDSB23H3
MDSA12H3,MDSB23H3
MDSA13H3,MDSB23H3
MDSA02H3,MDSB23H3
JOUA01H3,MDSB23H3
JOUA02H3,MDSB23H3
MDSA11H3,MDSB23H3
MDSA13H3,MDSB23H3
MDSA02H3,MDSB23H3
MDSA01H3,MDSB25H3
MDSA02H3,MDSB25H3
MDSA10H3,MDSB29H3
MDSA01H3,MDSB29H3
MDSA11H3,MDSB29H3
MDSA12H3,MDSB29H3
MDSA13H3,MDSB29H3
MDSA02H3,MDSB29H3
JOUA01H3,MDSB29H3
JOUA02H3,MDSB29H3
MDSA11H3,MDSB29H3
MDSA13H3,MDSB29H3
MDSA02H3,MDSB29H3
MDSA10H3,MDSB30H3
MDSA01H3,MDSB30H3
MDSA11H3,MDSB30H3
MDSA12H3,MDSB30H3
MDSA13H3,MDSB30H3
MDSA02H3,MDSB30H3
JOUA01H3,MDSB30H3
JOUA02H3,MDSB30H3
MDSA11H3,MDSB30H3
MDSA13H3,MDSB30H3
MDSA02H3,MDSB30H3
MDSA10H3,MDSB31H3
MDSA01H3,MDSB31H3
MDSA11H3,MDSB31H3
MDSA12H3,MDSB31H3
MDSA13H3,MDSB31H3
MDSA02H3,MDSB31H3
JOUA01H3,MDSB31H3
JOUA02H3,MDSB31H3
MDSA10H3,MDSB33H3
SOCB58H3,MDSB33H3
MDSA01H3,MDSB33H3
MDSA10H3,MDSB34H3
MDSA01H3,MDSB34H3
MDSA11H3,MDSB34H3
MDSA12H3,MDSB34H3
MDSA13H3,MDSB34H3
MDSA02H3,MDSB34H3
JOUA01H3,MDSB34H3
JOUA02H3,MDSB34H3
MDSA11H3,MDSB34H3
MDSA13H3,MDSB34H3
MDSA02H3,MDSB34H3
MDSA10H3,MDSB35H3
MDSA01H3,MDSB35H3
MDSA11H3,MDSB35H3
MDSA12H3,MDSB35H3
MDSA13H3,MDSB35H3
MDSA02H3,MDSB35H3
JOUA01H3,MDSB35H3
JOUA02H3,MDSB35H3
MDSA11H3,MDSB35H3
MDSA13H3,MDSB35H3
MDSA02H3,MDSB35H3
MDSB22H3,MDSC12H3
MDSB22H3,MDSC12H3
MDSA10H3,MDSC13H3
MDSA01H3,MDSC13H3
MDSA11H3,MDSC13H3
MDSA12H3,MDSC13H3
MDSA13H3,MDSC13H3
MDSA02H3,MDSC13H3
JOUA01H3,MDSC13H3
JOUA02H3,MDSC13H3
MDSA11H3,MDSC13H3
MDSA13H3,MDSC13H3
MDSA02H3,MDSC13H3
ANTB19H3,MDSC21H3
ANTB20H3,MDSC21H3
MDSA01H3,MDSC21H3
MDSB05H3,MDSC21H3
MDSA10H3,MDSC22H3
MDSA01H3,MDSC22H3
MDSA11H3,MDSC22H3
MDSA12H3,MDSC22H3
MDSA13H3,MDSC22H3
MDSA02H3,MDSC22H3
JOUA01H3,MDSC22H3
JOUA02H3,MDSC22H3
MDSA11H3,MDSC22H3
MDSA13H3,MDSC22H3
MDSA02H3,MDSC22H3
MDSB21H3,MDSC26H3
MDSB21H3,MDSC26H3
MDSA10H3,MDSC37H3
MDSA01H3,MDSC37H3
MDSB05H3,MDSC37H3
JOUA01H3,MDSC37H3
JOUA02H3,MDSC37H3
ANTB19H3,MDSC53H3
ANTB20H3,MDSC53H3
MDSA01H3,MDSC53H3
MDSB05H3,MDSC53H3
ACMB02H3,MDSD11H3
MGAB01H3,MGAB02H3
MGEA02H3,MGAB03H3
MGEA06H3,MGAB03H3
MGEA01H3,MGAB03H3
MGEA05H3,MGAB03H3
MGAB01H3,MGAB03H3
MGAB03H3,MGAC01H3
MGAB02H3,MGAC01H3
MGTA38H3,MGAC01H3
MGTA35H3,MGAC01H3
MGTA36H3,MGAC01H3
MGAC01H3,MGAC02H3
MGAB03H3,MGAC03H3
MGAC01H3,MGAC10H3
MGAB01H3,MGAC50H3
MGAB02H3,MGAC50H3
MGAB03H3,MGAC50H3
MGAB03H3,MGAC70H3
MGHB02H3,MGAC70H3
MGAB02H3,MGAC80H3
MGAB03H3,MGAC80H3
MGAC10H3,MGAD20H3
MGAB03H3,MGAD40H3
MGHB02H3,MGAD40H3
MGAC01H3,MGAD45H3
MGSC30H3,MGAD45H3
MGAC01H3,MGAD50H3
MGAC02H3,MGAD50H3
MGAC01H3,MGAD60H3
MGAC02H3,MGAD60H3
MGAC50H3,MGAD65H3
MGAC02H3,MGAD70H3
MGAC03H3,MGAD70H3
MGAC10H3,MGAD70H3
MGAC50H3,MGAD70H3
MGAB02H3,MGAD80H3
MGAB03H3,MGAD80H3
MGAB02H3,MGAD85H3
MGAB03H3,MGAD85H3
MGEA01H3,MGEB01H3
MGEA02H3,MGEB01H3
MGEA05H3,MGEB01H3
MGEA06H3,MGEB01H3
MGEA02H3,MGEB02H3
MGEA06H3,MGEB02H3
MATA34H3,MGEB02H3
MGEA02H3,MGEB02H3
MGEA06H3,MGEB02H3
MATA29H3,MGEB02H3
MATA30H3,MGEB02H3
MATA31H3,MGEB02H3
MATA32H3,MGEB02H3
MATA33H3,MGEB02H3
MATA35H3,MGEB02H3
MATA36H3,MGEB02H3
MATA37H3,MGEB02H3
MGEA01H3,MGEB05H3
MGEA02H3,MGEB05H3
MGEA05H3,MGEB05H3
MGEA06H3,MGEB05H3
MGEA02H3,MGEB06H3
MGEA06H3,MGEB06H3
MATA34H3,MGEB06H3
MGEA02H3,MGEB06H3
MGEA06H3,MGEB06H3
MATA29H3,MGEB06H3
MATA30H3,MGEB06H3
MATA31H3,MGEB06H3
MATA32H3,MGEB06H3
MATA33H3,MGEB06H3
MATA35H3,MGEB06H3
MATA36H3,MGEB06H3
MATA37H3,MGEB06H3
MGEA02H3,MGEB11H3
MGEA06H3,MGEB11H3
MATA34H3,MGEB11H3
MGEA02H3,MGEB11H3
MGEA06H3,MGEB11H3
MATA29H3,MGEB11H3
MATA30H3,MGEB11H3
MATA31H3,MGEB11H3
MATA32H3,MGEB11H3
MATA33H3,MGEB11H3
MATA35H3,MGEB11H3
MATA36H3,MGEB11H3
MATA37H3,MGEB11H3
MGEB11H3,MGEB12H3
STAB57H3,MGEB12H3
MGEA01H3,MGEB31H3
MGEA02H3,MGEB31H3
MGEA05H3,MGEB31H3
MGEA06H3,MGEB31H3
MGEA01H3,MGEB32H3
MGEA02H3,MGEB32H3
MGEA05H3,MGEB32H3
MGEA06H3,MGEB32H3
MGEB02H3,MGEC02H3
MGEB06H3,MGEC06H3
MGEB02H3,MGEC08H3
MGEB06H3,MGEC08H3
MGEB12H3,MGEC11H3
MGEB01H3,MGEC20H3
MGEB02H3,MGEC20H3
MGEB02H3,MGEC22H3
MGEB02H3,MGEC25H3
MGEB06H3,MGEC25H3
MGEB02H3,MGEC26H3
MGEB06H3,MGEC26H3
MGEB01H3,MGEC31H3
MGEB02H3,MGEC31H3
MGEB01H3,MGEC32H3
MGEB02H3,MGEC32H3
MGEB02H3,MGEC34H3
MGEB01H3,MGEC37H3
MGEB02H3,MGEC37H3
MGEB01H3,MGEC38H3
MGEB02H3,MGEC38H3
MGEB05H3,MGEC38H3
MGEB06H3,MGEC38H3
MGEB01H3,MGEC40H3
MGEB02H3,MGEC40H3
MGEB02H3,MGEC41H3
MGEB12H3,MGEC45H3
MGEB02H3,MGEC51H3
MGEB01H3,MGEC54H3
MGEB02H3,MGEC54H3
MGEB02H3,MGEC58H3
MGEB05H3,MGEC61H3
MGEB06H3,MGEC61H3
MGEB02H3,MGEC62H3
MGEB01H3,MGEC62H3
MATA34H3,MGEC62H3
MGEB01H3,MGEC62H3
MATA29H3,MGEC62H3
MATA30H3,MGEC62H3
MATA31H3,MGEC62H3
MATA32H3,MGEC62H3
MATA33H3,MGEC62H3
MATA35H3,MGEC62H3
MATA36H3,MGEC62H3
MATA37H3,MGEC62H3
MGEB02H3,MGEC65H3
MGEB12H3,MGEC65H3
MGEB05H3,MGEC71H3
MGEB06H3,MGEC71H3
MGEB02H3,MGEC72H3
MGEB06H3,MGEC72H3
MGEB12H3,MGEC72H3
MGEB01H3,MGEC81H3
MGEB02H3,MGEC81H3
MGEB01H3,MGEC82H3
MGEB02H3,MGEC82H3
MGEB01H3,MGEC91H3
MGEB02H3,MGEC91H3
MGEB01H3,MGEC92H3
MGEB02H3,MGEC92H3
MGEB01H3,MGEC93H3
MGEB02H3,MGEC93H3
MGEB05H3,MGEC93H3
MGEB06H3,MGEC93H3
MGEB12H3,MGED02H3
MGEC02H3,MGED02H3
MGEB12H3,MGED06H3
MGEC06H3,MGED06H3
MGEB02H3,MGED11H3
MGEB06H3,MGED11H3
MGEB11H3,MGED11H3
MGEB12H3,MGED11H3
MGEC11H3,MGED11H3
MGEB02H3,MGED43H3
MGEC40H3,MGED43H3
MGEC41H3,MGED43H3
MGEB02H3,MGED50H3
MGEC02H3,MGED50H3
MGEB06H3,MGED50H3
MGEC06H3,MGED50H3
MGEB11H3,MGED50H3
MGEB12H3,MGED50H3
MGEC11H3,MGED50H3
MGEC61H3,MGED63H3
MGEC11H3,MGED70H3
MGEC72H3,MGED70H3
MGFC10H3,MGED70H3
MGEB11H3,MGFB10H3
MGAB01H3,MGFB10H3
MGTA38H3,MGFB10H3
MGTA35H3,MGFB10H3
MGTA36H3,MGFB10H3
MGFB10H3,MGFC10H3
MGFB10H3,MGFC20H3
MGFC10H3,MGFC50H3
MGFC10H3,MGFC60H3
MGFB10H3,MGFC85H3
MGFC10H3,MGFC85H3
MGAB02H3,MGFD15H3
MGFC10H3,MGFD15H3
MGFC10H3,MGFD25H3
MGFC10H3,MGFD30H3
MGFC10H3,MGFD40H3
MGEB12H3,MGFD40H3
MGFC10H3,MGFD50H3
MGFC10H3,MGFD70H3
MGFB10H3,MGFD85H3
MGFC10H3,MGFD85H3
MGTA38H3,MGHB02H3
MGTA35H3,MGHB02H3
MGTA36H3,MGHB02H3
MGHB02H3,MGHC02H3
MGIB02H3,MGHC02H3
MGHA12H3,MGHC02H3
MGHB12H3,MGHC02H3
MGIA12H3,MGHC02H3
MGIB12H3,MGHC02H3
MGHB02H3,MGHC23H3
MGIB02H3,MGHC23H3
MGHB02H3,MGHC50H3
MGHB02H3,MGHC51H3
MGIB02H3,MGHC51H3
MGHB02H3,MGHC52H3
MGIB02H3,MGHC52H3
MGEA01H3,MGHC53H3
MGEA05H3,MGHC53H3
MGEA02H3,MGHC53H3
MGEA06H3,MGHC53H3
MGHB02H3,MGHD14H3
MGIB02H3,MGHD14H3
MGHC02H3,MGHD14H3
MGIC02H3,MGHD14H3
MGHA12H3,MGHD24H3
MGHB12H3,MGHD24H3
MGIA12H3,MGHD24H3
MGIB12H3,MGHD24H3
MGHA12H3,MGHD25H3
MGHB12H3,MGHD25H3
MGIA12H3,MGHD25H3
MGIB12H3,MGHD25H3
MGHA12H3,MGHD26H3
MGHB12H3,MGHD26H3
MGIA12H3,MGHD26H3
MGIB12H3,MGHD26H3
MGHA12H3,MGHD27H3
MGHB12H3,MGHD27H3
MGIA12H3,MGHD27H3
MGIB12H3,MGHD27H3
MGHA12H3,MGHD28H3
MGHB12H3,MGHD28H3
MGIA12H3,MGHD28H3
MGIB12H3,MGHD28H3
MGHA12H3,MGHD60H3
MGIA12H3,MGHD60H3
MGHB02H3,MGHD60H3
MGIB02H3,MGHD60H3
MGMA01H3,MGIB01H3
MGIA01H3,MGIB01H3
MGAB02H3,MGIC01H3
MGIA01H3,MGIC01H3
MGFB10H3,MGIC01H3
MGIB02H3,MGIC01H3
MGIB02H3,MGIC02H3
MGAB03H3,MGID79H3
MGIA01H3,MGID79H3
MGIA12H3,MGID79H3
MGIB12H3,MGID79H3
MGIB02H3,MGID79H3
MGFC10H3,MGID79H3
MGIC01H3,MGID79H3
MGMA01H3,MGMB01H3
MGIA01H3,MGMB01H3
MGTA38H3,MGMB01H3
MGTA35H3,MGMB01H3
MGTA36H3,MGMB01H3
MGMA01H3,MGMC01H3
MGIA01H3,MGMC01H3
MGMA01H3,MGMC02H3
MGTB04H3,MGMC02H3
MGIA01H3,MGMC02H3
MGTB07H3,MGMC02H3
MGMA01H3,MGMC11H3
MGIA01H3,MGMC11H3
MGMA01H3,MGMC12H3
MGIA01H3,MGMC12H3
MGMA01H3,MGMC13H3
MGIA01H3,MGMC13H3
MGEB02H3,MGMC13H3
MGMA01H3,MGMC14H3
MGIA01H3,MGMC14H3
MGMA01H3,MGMC20H3
MGIA01H3,MGMC20H3
MGMA01H3,MGMC40H3
MGIA01H3,MGMC40H3
MGMB01H3,MGMC40H3
MGIB01H3,MGMC40H3
MGMA01H3,MGMD01H3
MGIA01H3,MGMD01H3
MGEB11H3,MGMD01H3
MGEB12H3,MGMD01H3
MGMA01H3,MGMD02H3
MGIA01H3,MGMD02H3
MGMA01H3,MGMD10H3
MGIA01H3,MGMD10H3
MGMB01H3,MGMD10H3
MGMA01H3,MGMD11H3
MGIA01H3,MGMD11H3
MGMB01H3,MGMD11H3
MGMA01H3,MGMD19H3
MGIA01H3,MGMD19H3
MGMB01H3,MGMD19H3
MGIB01H3,MGMD19H3
MGMA01H3,MGMD20H3
MGIA01H3,MGMD20H3
MGMB01H3,MGMD20H3
MGIB01H3,MGMD20H3
MGMA01H3,MGMD21H3
MGIA01H3,MGMD21H3
MGMB01H3,MGMD21H3
MGIB01H3,MGMD21H3
MGEB02H3,MGOC10H3
MGEB12H3,MGOC10H3
MGTA38H3,MGOC10H3
MGTA36H3,MGOC10H3
MGTA35H3,MGOC10H3
MGEB12H3,MGOC15H3
MGOC10H3,MGOC20H3
MGEB02H3,MGOC50H3
MGEB12H3,MGOC50H3
MGOC10H3,MGOD31H3
MGOC15H3,MGOD31H3
MGOC10H3,MGOD40H3
MGOC10H3,MGOD50H3
MGEA02H3,MGSB01H3
MATA34H3,MGSB01H3
MATA29H3,MGSB01H3
MATA30H3,MGSB01H3
MATA31H3,MGSB01H3
MATA32H3,MGSB01H3
MATA33H3,MGSB01H3
MATA35H3,MGSB01H3
MATA36H3,MGSB01H3
MATA37H3,MGSB01H3
MGAB01H3,MGSB22H3
MGHB02H3,MGSB22H3
MGIB02H3,MGSB22H3
MGHB02H3,MGSC01H3
MGEB02H3,MGSC01H3
MGEB06H3,MGSC01H3
MGHB02H3,MGSC03H3
POLB56H3,MGSC03H3
POLB57H3,MGSC03H3
POLB50Y3,MGSC03H3
POLB56H3,MGSC05H3
POLB57H3,MGSC05H3
POLB50Y3,MGSC05H3
MGAB03H3,MGSC07H3
MGFB10H3,MGSC07H3
MGHB02H3,MGSC07H3
MGEB11H3,MGSC10H3
MGEB12H3,MGSC10H3
MGHB02H3,MGSC12H3
ENGD94H3,MGSC12H3
MGTA38H3,MGSC14H3
MGTA35H3,MGSC14H3
MGTA36H3,MGSC14H3
MGAB03H3,MGSC20H3
MGHB02H3,MGSC20H3
MGFB10H3,MGSC26H3
MGEC40H3,MGSC26H3
MGAB01H3,MGSC30H3
MGAB02H3,MGSC30H3
MGTA38H3,MGSC30H3
MGTA35H3,MGSC30H3
MGTA36H3,MGSC30H3
MGSB22H3,MGSC35H3
MGSC01H3,MGSC35H3
MGSC20H3,MGSC35H3
MGHB02H3,MGSC44H3
MGSB01H3,MGSC91H3
MGSC01H3,MGSD01H3
MGSC03H3,MGSD01H3
MGSC05H3,MGSD01H3
MGSC01H3,MGSD05H3
MGIC01H3,MGSD05H3
MGSC01H3,MGSD15H3
MGIC01H3,MGSD15H3
MGMA01H3,MGSD24H3
MGAB01H3,MGSD24H3
MGAB02H3,MGSD24H3
MGSC30H3,MGSD30H3
MGSC30H3,MGSD32H3
MGAB02H3,MGSD55H3
MGEB02H3,MGSD55H3
MGSB01H3,MGSD55H3
MGIC01H3,MGSD55H3
MGSC01H3,MGSD55H3
MGTA01H3,MGTA02H3
MGEB12H3,MGTC28H3
MUZA60H3,MUZA61H3
VPMA73H3,MUZA61H3
MUZA62H3,MUZA63H3
VPMA70H3,MUZA63H3
MUZA64H3,MUZA65H3
VPMA66H3,MUZA65H3
MUZA66H3,MUZA67H3
VPMA68H3,MUZA67H3
MUZA80H3,MUZB01H3
VPMA95H3,MUZB01H3
MUZA80H3,MUZB02H3
VPMA95H3,MUZB02H3
MUZA80H3,MUZB02H3
MUZB20H3,MUZB21H3
VPMB82H3,MUZB21H3
MUZA80H3,MUZB41H3
VPMA95H3,MUZB41H3
MUZA61H3,MUZB60H3
VPMA74H3,MUZB60H3
MUZB60H3,MUZB61H3
VPMB73H3,MUZB61H3
MUZA63H3,MUZB62H3
VPMA71H3,MUZB62H3
MUZB62H3,MUZB63H3
VPMB70H3,MUZB63H3
MUZA65H3,MUZB64H3
VPMA67H3,MUZB64H3
MUZB64H3,MUZB65H3
VPMB66H3,MUZB65H3
MUZA67H3,MUZB66H3
VPMA69H3,MUZB66H3
MUZB66H3,MUZB67H3
VPMB68H3,MUZB67H3
MUZA80H3,MUZB80H3
VPMA95H3,MUZB80H3
MUZA80H3,MUZB80H3
MUZB80H3,MUZB81H3
VPMB88H3,MUZB81H3
MUZB01H3,MUZC01H3
VPMB01H3,MUZC01H3
MUZB80H3,MUZC21H3
VPMB88H3,MUZC21H3
MUZB20H3,MUZC22H3
VPMB82H3,MUZC22H3
MUZB20H3,MUZC23H3
VPMB82H3,MUZC23H3
MUZB81H3,MUZC40H3
VPMB90H3,MUZC40H3
MUZB40H3,MUZC41H3
VPMB91H3,MUZC41H3
MUZB80H3,MUZC41H3
VPMB88H3,MUZC41H3
MUZB40H3,MUZC42H3
VPMB91H3,MUZC42H3
MUZB80H3,MUZC42H3
VPMB88H3,MUZC42H3
MUZB61H3,MUZC60H3
VPMB74H3,MUZC60H3
MUZC60H3,MUZC61H3
VPMC73H3,MUZC61H3
MUZB63H3,MUZC62H3
VPMB71H3,MUZC62H3
MUZC62H3,MUZC63H3
VPMC70H3,MUZC63H3
MUZB65H3,MUZC64H3
VPMB67H3,MUZC64H3
MUZC64H3,MUZC65H3
VPMC66H3,MUZC65H3
MUZB67H3,MUZC66H3
VPMB69H3,MUZC66H3
MUZC66H3,MUZC67H3
VPMC68H3,MUZC67H3
MUZB01H3,MUZC80H3
MUZB20H3,MUZC80H3
MUZB80H3,MUZC80H3
MUZB01H3,MUZC81H3
MUZB20H3,MUZC81H3
MUZB80H3,MUZC81H3
MUZC01H3,MUZD01H3
VPMC01H3,MUZD01H3
MUZC40H3,MUZD81H3
VPMC90H3,MUZD81H3
MDSA01H3,NMEA01H3
MDSA02H3,NMEA01H3
MDSA01H3,NMEA02H3
MDSA02H3,NMEA02H3
MDSA01H3,NMEA04H3
MDSA02H3,NMEA04H3
NMEA01H3,NMEB05H3
NMEA02H3,NMEB05H3
NMEA03H3,NMEB05H3
NMEA04H3,NMEB05H3
NMEA01H3,NMEB06H3
NMEA02H3,NMEB06H3
NMEA03H3,NMEB06H3
NMEA04H3,NMEB06H3
NMEA01H3,NMEB08H3
NMEA02H3,NMEB08H3
NMEA03H3,NMEB08H3
NMEA04H3,NMEB08H3
NMEA01H3,NMEB09H3
NMEA02H3,NMEB09H3
NMEA03H3,NMEB09H3
NMEA04H3,NMEB09H3
NMEA01H3,NMEB10H3
NMEA02H3,NMEB10H3
NMEA03H3,NMEB10H3
NMEA04H3,NMEB10H3
BIOA01H3,NROB60H3
BIOA02H3,NROB60H3
CHMA10H3,NROB60H3
CHMA11H3,NROB60H3
CHMA12H3,NROB60H3
PSYA01H3,NROB60H3
PSYA02H3,NROB60H3
BIOA01H3,NROB61H3
BIOA02H3,NROB61H3
CHMA10H3,NROB61H3
CHMA11H3,NROB61H3
CHMA12H3,NROB61H3
PSYA01H3,NROB61H3
PSYA02H3,NROB61H3
BIOB34H3,NROC34H3
NROB60H3,NROC34H3
NROB61H3,NROC34H3
BIOB11H3,NROC36H3
NROB60H3,NROC36H3
NROB61H3,NROC36H3
PSYB55H3,NROC36H3
PSYB65H3,NROC36H3
PSYB07H3,NROC36H3
STAB22H3,NROC36H3
PSYB01H3,NROC36H3
PSYB04H3,NROC36H3
PSYB70H3,NROC36H3
BIOB10H3,NROC60H3
NROB60H3,NROC60H3
NROB61H3,NROC60H3
PSYB55H3,NROC60H3
PSYB70H3,NROC60H3
PSYB07H3,NROC60H3
STAB22H3,NROC60H3
BIOB10H3,NROC61H3
NROB60H3,NROC61H3
NROB61H3,NROC61H3
PSYB01H3,NROC61H3
PSYB04H3,NROC61H3
PSYB70H3,NROC61H3
PSYB07H3,NROC61H3
STAB22H3,NROC61H3
PSYB55H3,NROC61H3
PSYB65H3,NROC61H3
BIOB10H3,NROC63H3
NROB60H3,NROC63H3
NROB61H3,NROC63H3
PSYB55H3,NROC63H3
PSYB70H3,NROC63H3
PSYB07H3,NROC63H3
STAB22H3,NROC63H3
BIOB10H3,NROC64H3
NROB60H3,NROC64H3
NROB61H3,NROC64H3
PSYB01H3,NROC64H3
PSYB04H3,NROC64H3
PSYB70H3,NROC64H3
PSYB07H3,NROC64H3
STAB22H3,NROC64H3
PSYB55H3,NROC64H3
PSYB65H3,NROC64H3
BIOB10H3,NROC69H3
NROB60H3,NROC69H3
NROB61H3,NROC69H3
PSYB01H3,NROC69H3
PSYB04H3,NROC69H3
PSYB70H3,NROC69H3
PSYB07H3,NROC69H3
STAB22H3,NROC69H3
PSYB55H3,NROC69H3
PSYB65H3,NROC69H3
BIOB10H3,NROC90H3
NROB60H3,NROC90H3
NROB61H3,NROC90H3
PSYB01H3,NROC90H3
PSYB04H3,NROC90H3
PSYB70H3,NROC90H3
PSYB07H3,NROC90H3
STAB22H3,NROC90H3
PSYB55H3,NROC90H3
PSYB65H3,NROC90H3
BIOB10H3,NROC93H3
NROB60H3,NROC93H3
NROB61H3,NROC93H3
PSYB01H3,NROC93H3
PSYB04H3,NROC93H3
PSYB70H3,NROC93H3
PSYB07H3,NROC93H3
STAB22H3,NROC93H3
PSYB55H3,NROC93H3
PSYB65H3,NROC93H3
NROC34H3,NROD08H3
NROC64H3,NROD08H3
NROC69H3,NROD08H3
MATA29H3,NROD08H3
MATA30H3,NROD08H3
MATA31H3,NROD08H3
PSYB07H3,NROD08H3
STAB22H3,NROD08H3
NROC34H3,NROD60H3
NROC36H3,NROD60H3
NROC61H3,NROD60H3
NROC64H3,NROD60H3
NROC69H3,NROD60H3
NROC61H3,NROD61H3
NROC64H3,NROD61H3
NROC69H3,NROD61H3
NROC61H3,NROD66H3
NROC64H3,NROD66H3
PSYC62H3,NROD66H3
NROC61H3,NROD67H3
NROC64H3,NROD67H3
BIOB10H3,NROD98Y3
NROB60H3,NROD98Y3
NROB61H3,NROD98Y3
PSYB07H3,NROD98Y3
STAB22H3,NROD98Y3
PSYB55H3,NROD98Y3
PSYB70H3,NROD98Y3
PHLB50H3,PHLB99H3
PHLB55H3,PHLB99H3
PHLB03H3,PHLC03H3
PHLB33H3,PHLC37H3
PHLB35H3,PHLC37H3
PHLB50H3,PHLC43H3
PHLB50H3,PHLC51H3
CSCB36H3,PHLC51H3
MATB24H3,PHLC51H3
MATB43H3,PHLC51H3
PHLC05H3,PHLD05H3
PHLC06H3,PHLD05H3
PHLC10H3,PHLD09H3
PHLC20H3,PHLD20H3
PHLC22H3,PHLD20H3
PHLC31H3,PHLD31H3
PHLC32H3,PHLD31H3
PHLC35H3,PHLD35H3
PHLC36H3,PHLD36H3
PHLC43H3,PHLD43H3
PHLC51H3,PHLD51H3
PHLD88Y3,PHLD85H3
PHLD88Y3,PHLD86H3
PHLC95H3,PHLD87H3
PHLC86H3,PHLD87H3
PHYA10H3,PHYA21H3
MATA30H3,PHYA21H3
MATA31H3,PHYA21H3
PHYA10H3,PHYA22H3
PHYA11H3,PHYA22H3
PHYA01H3,PHYA22H3
MATA29H3,PHYA22H3
MATA30H3,PHYA22H3
MATA31H3,PHYA22H3
MATA32H3,PHYA22H3
PHYA21H3,PHYB10H3
MATA36H3,PHYB10H3
MATA37H3,PHYB10H3
PHYA21H3,PHYB21H3
MATB41H3,PHYB21H3
PHYA21H3,PHYB52H3
MATB41H3,PHYB52H3
PHYA21H3,PHYB54H3
MATB41H3,PHYB54H3
MATB44H3,PHYB54H3
PHYA21H3,PHYB56H3
MATA36H3,PHYB56H3
MATA37H3,PHYB56H3
MATA36H3,PHYB57H3
MATA37H3,PHYB57H3
MATA22H3,PHYB57H3
MATA23H3,PHYB57H3
PHYA21H3,PHYB57H3
PHYB10H3,PHYC11H3
PHYB21H3,PHYC11H3
PHYB52H3,PHYC11H3
PHYB21H3,PHYC14H3
PHYB52H3,PHYC14H3
MATB42H3,PHYC14H3
MATB44H3,PHYC14H3
PHYB54H3,PHYC50H3
PHYB21H3,PHYC50H3
MATA22H3,PHYC50H3
MATA23H3,PHYC50H3
MATB42H3,PHYC50H3
MATB44H3,PHYC50H3
PHYB54H3,PHYC54H3
MATB44H3,PHYC54H3
PHYB56H3,PHYC56H3
PHYB21H3,PHYC56H3
MATA22H3,PHYC56H3
MATA23H3,PHYC56H3
MATB42H3,PHYC56H3
MATB44H3,PHYC56H3
MATB42H3,PHYC83H3
MATB44H3,PHYC83H3
PHYB54H3,PHYC83H3
PHYB57H3,PHYD27H3
MATC46H3,PHYD27H3
PHYC14H3,PHYD27H3
PHYB57H3,PHYD28H3
PHYC50H3,PHYD28H3
MATC46H3,PHYD28H3
PHYB54H3,PHYD37H3
MATC46H3,PHYD37H3
PHYC54H3,PHYD38H3
PHYB57H3,PHYD57H3
LINB06H3,PLIC24H3
LINB09H3,PLIC24H3
LINB06H3,PLIC25H3
LINB09H3,PLIC25H3
FREB44H3,PLIC25H3
FREB45H3,PLIC25H3
LINB09H3,PLIC54H3
LINB06H3,PLIC55H3
LINB09H3,PLIC55H3
PLIC55H3,PLIC75H3
LINA01H3,PLID34H3
FREB44H3,PLID34H3
FREB45H3,PLID34H3
PLIC24H3,PLID34H3
PLIC25H3,PLID34H3
PLIC55H3,PLID34H3
PLIC24H3,PLID44H3
PLIC55H3,PLID44H3
LINB29H3,PLID50H3
PLIC55H3,PLID50H3
LINB06H3,PLID53H3
PLIC55H3,PLID53H3
PLIC24H3,PLID56H3
PLID55H3,PLID56H3
PLIC24H3,PLID74H3
PLIC55H3,PLID74H3
BIOA01H3,PMDB22H3
BIOA02H3,PMDB22H3
BIOA01H3,PMDB25H3
BIOA02H3,PMDB25H3
PMDB22H3,PMDB30H3
PMDB25H3,PMDB30H3
PMDB41H3,PMDB30H3
PMDB33H3,PMDB30H3
PMDB22H3,PMDB32Y3
PMDB25H3,PMDB32Y3
PMDB41H3,PMDB32Y3
PMDB33H3,PMDB32Y3
BIOA01H3,PMDB33H3
BIOA02H3,PMDB33H3
PMDB22H3,PMDB36H3
PMDB25H3,PMDB36H3
PMDB41H3,PMDB36H3
PMDB33H3,PMDB36H3
BIOA01H3,PMDB41H3
BIOA02H3,PMDB41H3
PMDB30H3,PMDC40H3
PMDB32Y3,PMDC40H3
PMDB36H3,PMDC40H3
BIOB11H3,PMDC40H3
PMDB30H3,PMDC42Y3
PMDB32Y3,PMDC42Y3
PMDB36H3,PMDC42Y3
BIOB11H3,PMDC42Y3
PMDB30H3,PMDC43H3
PMDB32Y3,PMDC43H3
PMDB36H3,PMDC43H3
BIOB11H3,PMDC43H3
PMDC40H3,PMDC54Y3
PMDC42Y3,PMDC54Y3
PMDC43H3,PMDC54Y3
PMDC40H3,PMDC56H3
PMDC42Y3,PMDC56H3
PMDC43H3,PMDC56H3
POLB80H3,POLB81H3
POLB80H3,POLC09H3
POLB81H3,POLC09H3
STAB23H3,POLC11H3
POLB80H3,POLC12H3
POLB81H3,POLC12H3
POLB90H3,POLC12H3
POLB91H3,POLC12H3
PPGB66H3,POLC13H3
POLB80H3,POLC16H3
POLB81H3,POLC16H3
POLB90H3,POLC16H3
POLB91H3,POLC16H3
STAB23H3,POLC21H3
POLB30H3,POLC30H3
POLB56H3,POLC30H3
POLB56H3,POLC32H3
POLB57H3,POLC32H3
POLB50Y3,POLC32H3
POLB30H3,POLC33H3
POLB30H3,POLC34H3
POLB56H3,POLC34H3
POLB57H3,POLC34H3
POLB50Y3,POLC34H3
POLB30H3,POLC35H3
POLB56H3,POLC35H3
POLB57H3,POLC35H3
POLB56H3,POLC36H3
POLB57H3,POLC36H3
POLB50Y3,POLC36H3
POLB70H3,POLC37H3
POLB71H3,POLC37H3
POLB72H3,POLC37H3
POLB30H3,POLC38H3
POLB80H3,POLC38H3
POLB30H3,POLC39H3
POLB56H3,POLC52H3
POLB57H3,POLC52H3
POLB50Y3,POLC52H3
POLB50Y3,POLC53H3
POLB56H3,POLC53H3
POLB57H3,POLC53H3
ESTB01H3,POLC53H3
POLB56H3,POLC54H3
POLB57H3,POLC54H3
POLB50Y3,POLC54H3
POLB56H3,POLC56H3
POLB57H3,POLC56H3
POLB50Y3,POLC56H3
POLB50Y3,POLC57H3
POLB56H3,POLC57H3
POLB57H3,POLC57H3
POLB92H3,POLC58H3
POLB56H3,POLC58H3
POLB57H3,POLC58H3
POLB50Y3,POLC58H3
POLB56H3,POLC59H3
POLB57H3,POLC59H3
POLB50Y3,POLC59H3
POLB80H3,POLC69H3
POLB81H3,POLC69H3
POLB90H3,POLC69H3
POLB91H3,POLC69H3
POLB92H3,POLC69H3
POLB72H3,POLC70H3
PHLB17H3,POLC70H3
POLB72H3,POLC71H3
PHLB17H3,POLC71H3
POLB72H3,POLC72H3
POLB70H3,POLC72H3
POLB71H3,POLC72H3
POLB70H3,POLC73H3
POLB71H3,POLC73H3
POLB72H3,POLC73H3
POLB70H3,POLC74H3
POLB71H3,POLC74H3
POLB72H3,POLC74H3
POLB72H3,POLC79H3
POLB70H3,POLC79H3
POLB71H3,POLC79H3
PHLB13H3,POLC79H3
WSTA03H3,POLC79H3
POLB80H3,POLC80H3
POLB81H3,POLC80H3
POLB90H3,POLC80H3
POLB91H3,POLC80H3
POLB80H3,POLC87H3
POLB81H3,POLC87H3
POLB80H3,POLC88H3
POLB81H3,POLC88H3
POLB90H3,POLC88H3
POLB91H3,POLC88H3
POLB90H3,POLC90H3
POLB91H3,POLC90H3
POLB80H3,POLC91H3
POLB81H3,POLC91H3
POLB90H3,POLC91H3
POLB91H3,POLC91H3
POLB90H3,POLC94H3
POLB80H3,POLC96H3
POLB81H3,POLC96H3
POLB90H3,POLC96H3
POLB91H3,POLC96H3
POLB92H3,POLC96H3
POLB80H3,POLC97H3
POLB81H3,POLC97H3
POLB90H3,POLC97H3
POLB91H3,POLC97H3
POLB92H3,POLC97H3
POLB80H3,POLC98H3
POLB81H3,POLC98H3
MGEA01H3,POLC98H3
MGEA02H3,POLC98H3
MGEA05H3,POLC98H3
MGEA06H3,POLC98H3
POLC09H3,POLD09H3
POLB30H3,POLD30H3
POLB30H3,POLD31H3
POLC32H3,POLD31H3
POLC32H3,POLD38H3
POLC32H3,POLD42H3
POLC36H3,POLD42H3
POLC39H3,POLD42H3
JOUB39H3,POLD43H3
ENGB63H3,POLD43H3
POLB30H3,POLD44H3
POLC33H3,POLD44H3
POLC38H3,POLD44H3
POLC39H3,POLD44H3
POLB70H3,POLD45H3
POLB71H3,POLD45H3
POLB72H3,POLD45H3
POLB30H3,POLD45H3
POLC32H3,POLD46H3
POLC36H3,POLD46H3
POLC39H3,POLD46H3
POLB50Y3,POLD50H3
POLB56H3,POLD50H3
POLB57H3,POLD50H3
POLB50Y3,POLD51H3
POLB56H3,POLD51H3
POLB57H3,POLD51H3
POLB50Y3,POLD52H3
POLB56H3,POLD52H3
POLB57H3,POLD52H3
SOCB60H3,POLD52H3
POLB50Y3,POLD53H3
POLB56H3,POLD53H3
POLB57H3,POLD53H3
POLB50Y3,POLD54H3
POLB56H3,POLD54H3
POLB57H3,POLD54H3
POLB50Y3,POLD55H3
POLB56H3,POLD55H3
POLB57H3,POLD55H3
STAB23H3,POLD56H3
PPGB66H3,POLD67H3
PPGC66H3,POLD67H3
POLC67H3,POLD67H3
POLB70H3,POLD67H3
POLB71H3,POLD67H3
POLB72H3,POLD67H3
POLB90H3,POLD67H3
POLB91H3,POLD67H3
POLB70H3,POLD70H3
POLB71H3,POLD70H3
POLB72H3,POLD70H3
POLB72H3,POLD74H3
POLC31H3,POLD74H3
POLB72H3,POLD75H3
POLC70H3,POLD75H3
POLC71H3,POLD75H3
POLC73H3,POLD75H3
POLC78H3,POLD78H3
POLB80H3,POLD87H3
POLB81H3,POLD87H3
POLB80H3,POLD89H3
POLB81H3,POLD89H3
ESTB01H3,POLD89H3
IDSB01H3,POLD90H3
IDSB04H3,POLD90H3
POLB90H3,POLD90H3
POLB91H3,POLD90H3
POLB90H3,POLD92H3
POLB91H3,POLD92H3
POLB90H3,POLD94H3
POLB91H3,POLD94H3
POLB50Y3,PPGC67H3
POLB56H3,PPGC67H3
POLB57H3,PPGC67H3
PPGB66H3,PPGD64H3
PPGC66H3,PPGD64H3
POLB50Y3,PPGD64H3
POLB56H3,PPGD64H3
POLB57H3,PPGD64H3
POLB92H3,PPGD64H3
POLB93H3,PPGD64H3
PPGB66H3,PPGD68H3
POLB50Y3,PPGD68H3
POLB56H3,PPGD68H3
POLB57H3,PPGD68H3
PHYC56H3,PSCD50H3
CHMC20H3,PSCD50H3
CHMC25H3,PSCD50H3
PSYA01H3,PSYB03H3
PSYA02H3,PSYB03H3
PSYA01H3,PSYB10H3
PSYA02H3,PSYB10H3
PSYA01H3,PSYB20H3
PSYA02H3,PSYB20H3
PSYA01H3,PSYB30H3
PSYA02H3,PSYB30H3
PSYA01H3,PSYB32H3
PSYA02H3,PSYB32H3
PSYA01H3,PSYB38H3
PSYA02H3,PSYB38H3
PSYA01H3,PSYB51H3
PSYA02H3,PSYB51H3
PSYA01H3,PSYB55H3
PSYA02H3,PSYB55H3
PSYA01H3,PSYB57H3
PSYA02H3,PSYB57H3
PSYA01H3,PSYB64H3
PSYA02H3,PSYB64H3
PSYA01H3,PSYB70H3
PSYA02H3,PSYB70H3
PSYA01H3,PSYB80H3
PSYA02H3,PSYB80H3
PSYA01H3,PSYB90H3
PSYA02H3,PSYB90H3
PSYA01H3,PSYB90H3
PSYA02H3,PSYB90H3
PSYB07H3,PSYC02H3
STAB22H3,PSYC02H3
STAB23H3,PSYC02H3
PSYB70H3,PSYC02H3
PSYB03H3,PSYC03H3
PSYB07H3,PSYC08H3
STAB23H3,PSYC08H3
STAB22H3,PSYC08H3
PSYB70H3,PSYC08H3
PSYB07H3,PSYC09H3
STAB22H3,PSYC09H3
STAB23H3,PSYC09H3
PSYB70H3,PSYC09H3
PSYB10H3,PSYC10H3
PSYB57H3,PSYC10H3
PSYC57H3,PSYC10H3
PSYB07H3,PSYC10H3
STAB22H3,PSYC10H3
STAB23H3,PSYC10H3
PSYB70H3,PSYC10H3
PSYB10H3,PSYC12H3
PSYB07H3,PSYC12H3
STAB22H3,PSYC12H3
STAB23H3,PSYC12H3
PSYB70H3,PSYC12H3
PSYB10H3,PSYC13H3
PSYB57H3,PSYC13H3
PSYB07H3,PSYC13H3
STAB22H3,PSYC13H3
STAB23H3,PSYC13H3
PSYB70H3,PSYC13H3
PSYB10H3,PSYC14H3
PSYB07H3,PSYC14H3
STAB22H3,PSYC14H3
STAB23H3,PSYC14H3
PSYB70H3,PSYC14H3
PSYB10H3,PSYC15H3
PSYB07H3,PSYC15H3
STAB22H3,PSYC15H3
STAB23H3,PSYC15H3
PSYB70H3,PSYC15H3
PSYB10H3,PSYC16H3
PSYB20H3,PSYC16H3
PSYB30H3,PSYC16H3
PSYB51H3,PSYC16H3
PSYB55H3,PSYC16H3
PSYB57H3,PSYC16H3
PSYB07H3,PSYC16H3
STAB22H3,PSYC16H3
STAB23H3,PSYC16H3
PSYB70H3,PSYC16H3
PSYB10H3,PSYC17H3
PSYB07H3,PSYC17H3
STAB22H3,PSYC17H3
STAB23H3,PSYC17H3
PSYB70H3,PSYC17H3
PSYB10H3,PSYC18H3
PSYB30H3,PSYC18H3
PSYB07H3,PSYC18H3
STAB22H3,PSYC18H3
STAB23H3,PSYC18H3
PSYB70H3,PSYC18H3
PSYB10H3,PSYC19H3
PSYB07H3,PSYC19H3
STAB22H3,PSYC19H3
STAB23H3,PSYC19H3
PSYB70H3,PSYC19H3
PSYB20H3,PSYC21H3
PSYB07H3,PSYC21H3
STAB22H3,PSYC21H3
STAB23H3,PSYC21H3
PSYB70H3,PSYC21H3
PSYB20H3,PSYC22H3
PSYB01H3,PSYC22H3
PSYB04H3,PSYC22H3
PSYB70H3,PSYC22H3
PSYB07H3,PSYC22H3
STAB22H3,PSYC22H3
STAB23H3,PSYC22H3
PSYB20H3,PSYC23H3
PSYB07H3,PSYC23H3
STAB22H3,PSYC23H3
STAB23H3,PSYC23H3
PSYB70H3,PSYC23H3
PSYB20H3,PSYC24H3
PSYB01H3,PSYC24H3
PSYB04H3,PSYC24H3
PSYB70H3,PSYC24H3
PSYB07H3,PSYC24H3
STAB22H3,PSYC24H3
STAB23H3,PSYC24H3
PSYB10H3,PSYC27H3
PSYB20H3,PSYC27H3
PSYB01H3,PSYC27H3
PSYB04H3,PSYC27H3
PSYB70H3,PSYC27H3
PSYB07H3,PSYC27H3
STAB22H3,PSYC27H3
STAB23H3,PSYC27H3
PSYB20H3,PSYC28H3
PSYB70H3,PSYC28H3
PSYB07H3,PSYC28H3
STAB22H3,PSYC28H3
STAB23H3,PSYC28H3
PSYB30H3,PSYC30H3
PSYB07H3,PSYC30H3
STAB22H3,PSYC30H3
STAB23H3,PSYC30H3
PSYB70H3,PSYC30H3
PSYB32H3,PSYC31H3
PSYB55H3,PSYC31H3
PSYB07H3,PSYC31H3
STAB22H3,PSYC31H3
STAB23H3,PSYC31H3
PSYB70H3,PSYC31H3
PSYB10H3,PSYC34H3
PSYB07H3,PSYC34H3
STAB22H3,PSYC34H3
STAB23H3,PSYC34H3
PSYB70H3,PSYC34H3
PSYB32H3,PSYC36H3
PSYB07H3,PSYC36H3
STAB22H3,PSYC36H3
STAB23H3,PSYC36H3
PSYB70H3,PSYC36H3
PSYB32H3,PSYC37H3
PSYB07H3,PSYC37H3
STAB22H3,PSYC37H3
STAB23H3,PSYC37H3
PSYB70H3,PSYC37H3
PSYB32H3,PSYC38H3
PSYB07H3,PSYC38H3
STAB22H3,PSYC38H3
STAB23H3,PSYC38H3
PSYB70H3,PSYC38H3
PSYB32H3,PSYC39H3
PSYB07H3,PSYC39H3
STAB22H3,PSYC39H3
STAB23H3,PSYC39H3
PSYB70H3,PSYC39H3
PSYB55H3,PSYC50H3
PSYB57H3,PSYC50H3
PSYB07H3,PSYC50H3
STAB22H3,PSYC50H3
STAB23H3,PSYC50H3
PSYB70H3,PSYC50H3
PSYB51H3,PSYC51H3
PSYB55H3,PSYC51H3
PSYB07H3,PSYC51H3
STAB22H3,PSYC51H3
STAB23H3,PSYC51H3
PSYB70H3,PSYC51H3
PSYB51H3,PSYC52H3
PSYB55H3,PSYC52H3
PSYB57H3,PSYC52H3
PSYB07H3,PSYC52H3
STAB22H3,PSYC52H3
STAB23H3,PSYC52H3
PSYB70H3,PSYC52H3
PSYB55H3,PSYC53H3
PSYB07H3,PSYC53H3
STAB22H3,PSYC53H3
STAB23H3,PSYC53H3
PSYB70H3,PSYC53H3
PSYB51H3,PSYC54H3
PSYB55H3,PSYC54H3
PSYB07H3,PSYC54H3
STAB22H3,PSYC54H3
STAB23H3,PSYC54H3
PSYB70H3,PSYC54H3
PSYB51H3,PSYC56H3
PSYB55H3,PSYC56H3
PSYB57H3,PSYC56H3
PSYB07H3,PSYC56H3
STAB22H3,PSYC56H3
STAB23H3,PSYC56H3
PSYB70H3,PSYC56H3
PSYB55H3,PSYC57H3
PSYB07H3,PSYC57H3
STAB22H3,PSYC57H3
STAB23H3,PSYC57H3
PSYB70H3,PSYC57H3
PSYB51H3,PSYC59H3
PSYB57H3,PSYC59H3
PSYB55H3,PSYC59H3
PSYB07H3,PSYC59H3
STAB22H3,PSYC59H3
STAB23H3,PSYC59H3
PSYB70H3,PSYC59H3
PSYB64H3,PSYC62H3
PSYB55H3,PSYC62H3
NROB60H3,PSYC62H3
PSYB07H3,PSYC62H3
STAB22H3,PSYC62H3
STAB23H3,PSYC62H3
PSYB70H3,PSYC62H3
PSYB07H3,PSYC70H3
STAB22H3,PSYC70H3
STAB23H3,PSYC70H3
PSYB70H3,PSYC70H3
PSYB10H3,PSYC71H3
PSYB07H3,PSYC71H3
STAB22H3,PSYC71H3
STAB23H3,PSYC71H3
PSYC02H3,PSYC71H3
PSYC70H3,PSYC71H3
PSYB20H3,PSYC72H3
PSYB07H3,PSYC72H3
STAB22H3,PSYC72H3
STAB23H3,PSYC72H3
PSYC02H3,PSYC72H3
PSYC70H3,PSYC72H3
PSYB32H3,PSYC73H3
PSYB07H3,PSYC73H3
STAB22H3,PSYC73H3
STAB23H3,PSYC73H3
PSYB70H3,PSYC73H3
PSYB07H3,PSYC74H3
STAB22H3,PSYC74H3
STAB23H3,PSYC74H3
PSYB70H3,PSYC74H3
PSYB07H3,PSYC75H3
STAB22H3,PSYC75H3
STAB23H3,PSYC75H3
PSYB51H3,PSYC75H3
PSYB55H3,PSYC75H3
PSYB57H3,PSYC75H3
PSYC02H3,PSYC75H3
PSYC70H3,PSYC75H3
PSYB55H3,PSYC76H3
PSYB07H3,PSYC76H3
STAB22H3,PSYC76H3
STAB23H3,PSYC76H3
PSYC02H3,PSYC76H3
PSYC70H3,PSYC76H3
PSYB07H3,PSYC81H3
STAB22H3,PSYC81H3
STAB23H3,PSYC81H3
PSYB70H3,PSYC81H3
PSYB07H3,PSYC85H3
STAB22H3,PSYC85H3
STAB23H3,PSYC85H3
PSYB70H3,PSYC85H3
PSYB32H3,PSYC86H3
PSYB55H3,PSYC86H3
PSYB57H3,PSYC86H3
PSYB07H3,PSYC86H3
STAB22H3,PSYC86H3
STAB23H3,PSYC86H3
PSYB70H3,PSYC86H3
PSYB10H3,PSYC87H3
PSYB30H3,PSYC87H3
PSYB07H3,PSYC87H3
STAB22H3,PSYC87H3
STAB23H3,PSYC87H3
PSYB70H3,PSYC87H3
PSYB07H3,PSYC90H3
STAB22H3,PSYC90H3
STAB23H3,PSYC90H3
PSYB70H3,PSYC90H3
PSYB07H3,PSYC93H3
STAB22H3,PSYC93H3
STAB23H3,PSYC93H3
PSYB70H3,PSYC93H3
PSYB10H3,PSYD10H3
PSYB07H3,PSYD10H3
STAB22H3,PSYD10H3
STAB23H3,PSYD10H3
PSYB70H3,PSYD10H3
PSYB10H3,PSYD13H3
PSYC13H3,PSYD13H3
PSYC18H3,PSYD13H3
PSYC19H3,PSYD13H3
PSYB07H3,PSYD13H3
STAB22H3,PSYD13H3
STAB23H3,PSYD13H3
PSYB70H3,PSYD13H3
PSYB10H3,PSYD14H3
PSYC12H3,PSYD14H3
PSYC13H3,PSYD14H3
PSYC14H3,PSYD14H3
PSYB07H3,PSYD14H3
STAB22H3,PSYD14H3
STAB23H3,PSYD14H3
PSYB70H3,PSYD14H3
PSYB10H3,PSYD15H3
PSYC10,PSYD15H3
PSYB07H3,PSYD15H3
STAB22H3,PSYD15H3
STAB23H3,PSYD15H3
PSYB70H3,PSYD15H3
PSYB10H3,PSYD16H3
PSYB07H3,PSYD16H3
STAB22H3,PSYD16H3
STAB23H3,PSYD16H3
PSYB70H3,PSYD16H3
PSYB55H3,PSYD17H3
PSYB64H3,PSYD17H3
PSYB07H3,PSYD17H3
STAB22H3,PSYD17H3
STAB23H3,PSYD17H3
PSYC10,PSYD17H3
PSYC50,PSYD17H3
PSYB10H3,PSYD18H3
PSYB07H3,PSYD18H3
STAB22H3,PSYD18H3
STAB23H3,PSYD18H3
PSYB70H3,PSYD18H3
PSYB10H3,PSYD19H3
PSYB07H3,PSYD19H3
STAB22H3,PSYD19H3
STAB23H3,PSYD19H3
PSYB70H3,PSYD19H3
PSYC10,PSYD19H3
PSYC30H3,PSYD19H3
PSYC50H3,PSYD19H3
PSYB20H3,PSYD20H3
PSYB07H3,PSYD20H3
STAB22H3,PSYD20H3
STAB23H3,PSYD20H3
PSYB70H3,PSYD20H3
PSYB10H3,PSYD22H3
PSYB20H3,PSYD22H3
PSYB07H3,PSYD22H3
STAB22H3,PSYD22H3
STAB23H3,PSYD22H3
PSYB70H3,PSYD22H3
PSYC13H3,PSYD23H3
PSYC18H3,PSYD23H3
PSYC23H3,PSYD23H3
PSYB07H3,PSYD23H3
STAB22H3,PSYD23H3
STAB23H3,PSYD23H3
PSYB70H3,PSYD23H3
PSYB20H3,PSYD24H3
PLIC24H3,PSYD24H3
PSYB07H3,PSYD24H3
STAB22H3,PSYD24H3
STAB23H3,PSYD24H3
PSYB70H3,PSYD24H3
PSYB20H3,PSYD28H3
PSYB07H3,PSYD28H3
STAB22H3,PSYD28H3
STAB23H3,PSYD28H3
PSYB70H3,PSYD28H3
PSYB30H3,PSYD30H3
PSYB07H3,PSYD30H3
STAB22H3,PSYD30H3
STAB23H3,PSYD30H3
PSYB70H3,PSYD30H3
PSYB32H3,PSYD31H3
PSYB07H3,PSYD31H3
STAB22H3,PSYD31H3
STAB23H3,PSYD31H3
PSYB70H3,PSYD31H3
PSYB30H3,PSYD32H3
PSYB32H3,PSYD32H3
PSYB07H3,PSYD32H3
STAB22H3,PSYD32H3
STAB23H3,PSYD32H3
PSYB70H3,PSYD32H3
PSYB32H3,PSYD33H3
PSYB07H3,PSYD33H3
STAB22H3,PSYD33H3
STAB23H3,PSYD33H3
PSYB70H3,PSYD33H3
PSYB55H4,PSYD35H3
PSYB07H3,PSYD35H3
STAB22H3,PSYD35H3
STAB23H3,PSYD35H3
PSYB70H3,PSYD35H3
PSYC62H3,PSYD35H3
PSYB07H3,PSYD39H3
STAB22H3,PSYD39H3
STAB23H3,PSYD39H3
PSYB70H3,PSYD39H3
PSYC36H3,PSYD39H3
PSYB55H3,PSYD50H3
PSYB57H3,PSYD50H3
PSYB07H3,PSYD50H3
STAB22H3,PSYD50H3
STAB23H3,PSYD50H3
PSYB70H3,PSYD50H3
PSYB51H3,PSYD51H3
PSYB07H3,PSYD51H3
STAB22H3,PSYD51H3
STAB23H3,PSYD51H3
PSYB70H3,PSYD51H3
PSYC50,PSYD51H3
NROC64H3,PSYD51H3
PSYB07H3,PSYD52H3
STAB22H3,PSYD52H3
STAB23H3,PSYD52H3
PSYB70H3,PSYD52H3
PSYB51H3,PSYD54H3
PSYB57H3,PSYD54H3
PSYB07H3,PSYD54H3
STAB22H3,PSYD54H3
STAB23H3,PSYD54H3
PSYB70H3,PSYD54H3
PSYC50,PSYD54H3
NROC64H3,PSYD54H3
PSYB55H3,PSYD55H3
PSYB07H3,PSYD55H3
STAB22H3,PSYD55H3
STAB23H3,PSYD55H3
PSYB70H3,PSYD55H3
PSYB32H3,PSYD59H3
PSYB38H3,PSYD59H3
PSYB55H3,PSYD59H3
PSYB57H3,PSYD59H3
PSYB07H3,PSYD59H3
STAB22H3,PSYD59H3
STAB23H3,PSYD59H3
PSYB70H3,PSYD59H3
PSYB55H3,PSYD62H3
PSYB07H3,PSYD62H3
STAB22H3,PSYD62H3
STAB23H3,PSYD62H3
PSYB70H3,PSYD62H3
PSYB55H3,PSYD66H3
PSYB07H3,PSYD66H3
STAB22H3,PSYD66H3
STAB23H3,PSYD66H3
PSYB70H3,PSYD66H3
PSYC02H3,PSYD98Y3
PSYC08H3,PSYD98Y3
PSYC09H3,PSYD98Y3
PSYC70H3,PSYD98Y3
RLGA02H3,RLGC05H3
RLGB01H3,RLGC05H3
HUMB03H3,RLGC05H3
RLGA01H3,RLGC06H3
HUMB04H3,RLGC06H3
RLGA01H3,RLGC07H3
HUMB04H3,RLGC07H3
PHLB42H3,RLGC07H3
RLGA01H3,RLGC09H3
HUMB04H3,RLGC09H3
RLGA01H3,RLGC10H3
HUMB04H3,RLGC10H3
RLGA01H3,RLGC13H3
RLGA02H3,RLGC13H3
RLGB10H3,RLGC13H3
RLGA01H3,RLGC14H3
RLGA02H3,RLGC14H3
RLGB10H3,RLGC14H3
RLGB10H3,RLGD02H3
SOCA05H3,SOCB05H3
SOCA01H3,SOCB05H3
SOCA02H3,SOCB05H3
SOCA03Y3,SOCB05H3
SOCA01H3,SOCB22H3
SOCA02H3,SOCB22H3
SOCA03Y3,SOCB22H3
WSTA01H3,SOCB22H3
WSTA03H3,SOCB22H3
SOCA05H3,SOCB26H3
SOCA01H3,SOCB26H3
SOCA02H3,SOCB26H3
SOCA03Y3,SOCB26H3
SOCA05H3,SOCB28H3
SOCA01H3,SOCB28H3
SOCA02H3,SOCB28H3
SOCA03Y3,SOCB28H3
SOCA05H3,SOCB30H3
SOCA01H3,SOCB30H3
SOCA02H3,SOCB30H3
SOCA03Y3,SOCB30H3
SOCA05H3,SOCB37H3
SOCA03Y3,SOCB37H3
SOCA01H3,SOCB37H3
SOCA02H3,SOCB37H3
SOCA05H3,SOCB40H3
SOCA03Y3,SOCB40H3
SOCA01H3,SOCB40H3
SOCA02H3,SOCB40H3
SOCA05H3,SOCB42H3
SOCA01H3,SOCB42H3
SOCA02H3,SOCB42H3
SOCA03Y3,SOCB42H3
SOCA05H3,SOCB43H3
SOCA01H3,SOCB43H3
SOCA02H3,SOCB43H3
SOCA03Y3,SOCB43H3
SOCB42H3,SOCB43H3
SOCA05H3,SOCB44H3
SOCA01H3,SOCB44H3
SOCA02H3,SOCB44H3
SOCA03Y3,SOCB44H3
SOCA05H3,SOCB47H3
SOCA01H3,SOCB47H3
SOCA02H3,SOCB47H3
SOCA03Y3,SOCB47H3
SOCA05H3,SOCB49H3
SOCA01H3,SOCB49H3
SOCA02H3,SOCB49H3
SOCA03Y3,SOCB49H3
WSTA01H3,SOCB49H3
WSTA03H3,SOCB49H3
SOCA05H3,SOCB50H3
SOCA01H3,SOCB50H3
SOCA02H3,SOCB50H3
SOCA03Y3,SOCB50H3
SOCA05H3,SOCB53H3
SOCA01H3,SOCB53H3
SOCA02H3,SOCB53H3
SOCA03Y3,SOCB53H3
SOCA05H3,SOCB54H3
SOCA01H3,SOCB54H3
SOCA02H3,SOCB54H3
SOCA03Y3,SOCB54H3
SOCA05H3,SOCB58H3
SOCA01H3,SOCB58H3
SOCA02H3,SOCB58H3
SOCA03Y3,SOCB58H3
IDSA01H3,SOCB58H3
SOCA05H3,SOCB59H3
SOCA01H3,SOCB59H3
SOCA02H3,SOCB59H3
SOCA03Y3,SOCB59H3
SOCA05H3,SOCB60H3
SOCA01H3,SOCB60H3
SOCA02H3,SOCB60H3
SOCA03Y3,SOCB60H3
ANTA02H3,SOCB60H3
GGRA02H3,SOCB60H3
GASA01H3,SOCB60H3
HISA06H3,SOCB60H3
GASA02H3,SOCB60H3
HISA04H3,SOCB60H3
HISA05H3,SOCB60H3
SOCA05H3,SOCB70H3
SOCA03Y3,SOCB70H3
SOCA01H3,SOCB70H3
SOCA02H3,SOCB70H3
IDSA01H3,SOCB70H3
SOCB05H3,SOCC03H3
SOCB30H3,SOCC03H3
SOCB42H3,SOCC03H3
SOCB43H3,SOCC03H3
SOCB47H3,SOCC03H3
SOCB05H3,SOCC04H3
SOCB35H3,SOCC04H3
SOCB30H3,SOCC04H3
SOCB42H3,SOCC04H3
SOCB43H3,SOCC04H3
SOCB47H3,SOCC04H3
SOCB05H3,SOCC09H3
SOCB35H3,SOCC09H3
SOCB30H3,SOCC09H3
SOCB42H3,SOCC09H3
SOCB43H3,SOCC09H3
SOCB47H3,SOCC09H3
WSTB05H3,SOCC09H3
SOCB05H3,SOCC11H3
SOCB30H3,SOCC11H3
SOCB42H3,SOCC11H3
SOCB43H3,SOCC11H3
SOCB47H3,SOCC11H3
SOCB05H3,SOCC15H3
SOCB35H3,SOCC15H3
SOCB30H3,SOCC15H3
SOCB42H3,SOCC15H3
SOCB43H3,SOCC15H3
SOCB47H3,SOCC15H3
SOCA05H3,SOCC23H3
SOCA01H3,SOCC23H3
SOCA02H3,SOCC23H3
SOCA03Y3,SOCC23H3
SOCB05H3,SOCC23H3
SOCB05H3,SOCC24H3
SOCB30H3,SOCC24H3
SOCB42H3,SOCC24H3
SOCB43H3,SOCC24H3
SOCB47H3,SOCC24H3
WSTB05H3,SOCC24H3
SOCB05H3,SOCC25H3
SOCB35H3,SOCC25H3
SOCB30H3,SOCC25H3
SOCB42H3,SOCC25H3
SOCB43H3,SOCC25H3
SOCB47H3,SOCC25H3
SOCB60H3,SOCC25H3
IDSB07H3,SOCC25H3
SOCB05H3,SOCC26H3
SOCB35H3,SOCC26H3
SOCB30H3,SOCC26H3
SOCB42H3,SOCC26H3
SOCB43H3,SOCC26H3
SOCB47H3,SOCC26H3
SOCB58H3,SOCC26H3
CITA01H3,SOCC26H3
CITB02H3,SOCC26H3
SOCB05H3,SOCC27H3
SOCB35H3,SOCC27H3
SOCB30H3,SOCC27H3
SOCB42H3,SOCC27H3
SOCB43H3,SOCC27H3
SOCB47H3,SOCC27H3
SOCB58H3,SOCC27H3
CITA01H3,SOCC27H3
CITB02H3,SOCC27H3
SOCB05H3,SOCC29H3
SOCB35H3,SOCC29H3
SOCB30H3,SOCC29H3
SOCB42H3,SOCC29H3
SOCB43H3,SOCC29H3
SOCB47H3,SOCC29H3
WSTB05H3,SOCC29H3
ASFB01H3,SOCC29H3
IDSA01H3,SOCC29H3
SOCB05H3,SOCC30H3
SOCB30H3,SOCC30H3
SOCB42H3,SOCC30H3
SOCB43H3,SOCC30H3
SOCB47H3,SOCC30H3
SOCA05H3,SOCC31H3
SOCA01H3,SOCC31H3
SOCA02H3,SOCC31H3
SOCA03Y3,SOCC31H3
SOCB05H3,SOCC31H3
SOCB35H3,SOCC31H3
SOCB06H3,SOCC31H3
SOCB05H3,SOCC32H3
SOCB30H3,SOCC32H3
SOCB42H3,SOCC32H3
SOCB43H3,SOCC32H3
SOCB47H3,SOCC32H3
IDSA01,SOCC32H3
POLB80,SOCC32H3
SOCB05H3,SOCC34H3
SOCB30H3,SOCC34H3
SOCB42H3,SOCC34H3
SOCB43H3,SOCC34H3
SOCB47H3,SOCC34H3
IDSB01H3,SOCC34H3
SOCB60H3,SOCC34H3
IDSA01H3,SOCC34H3
SOCB05H3,SOCC37H3
SOCB35H3,SOCC37H3
SOCB30H3,SOCC37H3
SOCB42H3,SOCC37H3
SOCB43H3,SOCC37H3
SOCB47H3,SOCC37H3
SOCB05H3,SOCC38H3
SOCB35H3,SOCC38H3
SOCB30H3,SOCC38H3
SOCB42H3,SOCC38H3
SOCB43H3,SOCC38H3
SOCB47H3,SOCC38H3
WSTB05H3,SOCC38H3
SOCB05H3,SOCC40H3
SOCB30H3,SOCC40H3
SOCB42H3,SOCC40H3
SOCB43H3,SOCC40H3
SOCB47H3,SOCC40H3
SOCB05H3,SOCC44H3
SOCB35H3,SOCC44H3
SOCB30H3,SOCC44H3
SOCB42H3,SOCC44H3
SOCB43H3,SOCC44H3
SOCB47H3,SOCC44H3
SOCB58H3,SOCC44H3
IDSA01H3,SOCC44H3
SOCB05H3,SOCC45H3
SOCB35H3,SOCC45H3
SOCB30H3,SOCC45H3
SOCB42H3,SOCC45H3
SOCB43H3,SOCC45H3
SOCB47H3,SOCC45H3
SOCB05H3,SOCC46H3
SOCB35H3,SOCC46H3
SOCB30H3,SOCC46H3
SOCB42H3,SOCC46H3
SOCB43H3,SOCC46H3
SOCB47H3,SOCC46H3
SOCB05H3,SOCC47H3
SOCB30H3,SOCC47H3
SOCB42H3,SOCC47H3
SOCB43H3,SOCC47H3
SOCB47H3,SOCC47H3
SOCB58H3,SOCC47H3
HLTB41H3,SOCC49H3
SOCB05H3,SOCC49H3
SOCB35H3,SOCC49H3
SOCB30H3,SOCC49H3
SOCB42H3,SOCC49H3
SOCB43H3,SOCC49H3
SOCB47H3,SOCC49H3
SOCB05H3,SOCC50H3
SOCB30H3,SOCC50H3
SOCB42H3,SOCC50H3
SOCB43H3,SOCC50H3
SOCB47H3,SOCC50H3
HLTB41H3,SOCC51H3
SOCB05H3,SOCC51H3
SOCB35H3,SOCC51H3
SOCB30H3,SOCC51H3
SOCB42H3,SOCC51H3
SOCB43H3,SOCC51H3
SOCB47H3,SOCC51H3
SOCB05H3,SOCC52H3
SOCB35H3,SOCC52H3
SOCB30H3,SOCC52H3
SOCB42H3,SOCC52H3
SOCB43H3,SOCC52H3
SOCB47H3,SOCC52H3
SOCB60H3,SOCC52H3
SOCB05H3,SOCC54H3
SOCB35H3,SOCC54H3
SOCB30H3,SOCC54H3
SOCB42H3,SOCC54H3
SOCB43H3,SOCC54H3
SOCB47H3,SOCC54H3
SOCB05H3,SOCC55H3
SOCB35H3,SOCC55H3
SOCB30H3,SOCC55H3
SOCB42H3,SOCC55H3
SOCB43H3,SOCC55H3
SOCB47H3,SOCC55H3
SOCB60H3,SOCC55H3
SOCB05H3,SOCC57H3
SOCB35H3,SOCC57H3
SOCB30H3,SOCC57H3
SOCB42H3,SOCC57H3
SOCB43H3,SOCC57H3
SOCB47H3,SOCC57H3
SOCB05H3,SOCC58H3
SOCB42H3,SOCC58H3
SOCB43H3,SOCC58H3
SOCB47H3,SOCC58H3
IDSA01H3,SOCC58H3
SOCB05H3,SOCC59H3
SOCB35H3,SOCC59H3
SOCB30H3,SOCC59H3
SOCB42H3,SOCC59H3
SOCB43H3,SOCC59H3
SOCB47H3,SOCC59H3
SOCB05H3,SOCC61H3
SOCB35H3,SOCC61H3
SOCB30H3,SOCC61H3
SOCB42H3,SOCC61H3
SOCB43H3,SOCC61H3
SOCB47H3,SOCC61H3
SOCB35H3,SOCC70H3
SOCB05H3,SOCD01H3
SOCB30H3,SOCD01H3
SOCB42H3,SOCD01H3
SOCB43H3,SOCD01H3
SOCB44H3,SOCD01H3
SOCB47H3,SOCD01H3
SOCB58H3,SOCD01H3
SOCB58H3,SOCD01H3
SOCC61H3,SOCD02H3
SOCB30H3,SOCD02H3
SOCB42H3,SOCD02H3
SOCB43H3,SOCD02H3
SOCB47H3,SOCD02H3
SOCB05H3,SOCD05H3
SOCB30H3,SOCD05H3
SOCB42H3,SOCD05H3
SOCB43H3,SOCD05H3
SOCB47H3,SOCD05H3
SOCB50H3,SOCD05H3
SOCB51H3,SOCD05H3
SOCB05H3,SOCD08H3
SOCB30H3,SOCD08H3
SOCB42H3,SOCD08H3
SOCB43H3,SOCD08H3
SOCB47H3,SOCD08H3
POLC56H3,SOCD08H3
POLC52H3,SOCD08H3
GGRB18H3,SOCD08H3
POLD54H3,SOCD08H3
SOCB05H3,SOCD10H3
SOCB30H3,SOCD10H3
SOCB42H3,SOCD10H3
SOCB43H3,SOCD10H3
SOCB47H3,SOCD10H3
SOCC39H3,SOCD10H3
WSTB05H3,SOCD10H3
STAB22H3,SOCD11H3
STAB23H3,SOCD11H3
HLTC42H3,SOCD11H3
HLTC43H3,SOCD11H3
HLTC44H3,SOCD11H3
SOCB05H3,SOCD11H3
SOCB35H3,SOCD11H3
SOCB30H3,SOCD11H3
SOCB42H3,SOCD11H3
SOCB43H3,SOCD11H3
SOCB47H3,SOCD11H3
SOCB05H3,SOCD12H3
SOCB58H3,SOCD12H3
SOCC44H3,SOCD12H3
SOCC47H3,SOCD12H3
SOCB30H3,SOCD12H3
SOCB42H3,SOCD12H3
SOCB43H3,SOCD12H3
SOCB47H3,SOCD12H3
SOCB44H3,SOCD12H3
SOCB58H3,SOCD12H3
SOCB05H3,SOCD13H3
SOCB30H3,SOCD13H3
SOCB42H3,SOCD13H3
SOCB43H3,SOCD13H3
SOCB47H3,SOCD13H3
SOCB50H3,SOCD13H3
SOCB51H3,SOCD13H3
SOCB05H3,SOCD15H3
SOCB30H3,SOCD15H3
SOCB42H3,SOCD15H3
SOCB43H3,SOCD15H3
SOCB47H3,SOCD15H3
SOCB60H3,SOCD15H3
IDSB11H3,SOCD15H3
SOCB05H3,SOCD18H3
SOCB47H3,SOCD18H3
SOCC61H3,SOCD18H3
SOCB05H3,SOCD20H3
GASA01H3,SOCD20H3
GASA02H3,SOCD20H3
IDSB11H3,SOCD20H3
SOCB05H3,SOCD21H3
SOCB30H3,SOCD21H3
SOCB42H3,SOCD21H3
SOCB43H3,SOCD21H3
SOCB47H3,SOCD21H3
SOCC39H3,SOCD21H3
SOCB60H3,SOCD21H3
ASFB01H3,SOCD21H3
SOCB05H3,SOCD25H3
SOCB30H3,SOCD25H3
SOCB42H3,SOCD25H3
SOCB43H3,SOCD25H3
SOCB47H3,SOCD25H3
SOCB05H3,SOCD30Y3
SOCB30H3,SOCD30Y3
SOCB42H3,SOCD30Y3
SOCB43H3,SOCD30Y3
SOCB47H3,SOCD30Y3
SOCC39H3,SOCD30Y3
SOCB60H3,SOCD30Y3
SOCB05H3,SOCD32Y3
SOCB35H3,SOCD32Y3
SOCB30H3,SOCD32Y3
SOCB42H3,SOCD32Y3
SOCB43H3,SOCD32Y3
SOCB47H3,SOCD32Y3
SOCA05H3,SOCD40H3
SOCA03Y3,SOCD40H3
SOCA01H3,SOCD40H3
SOCA02H3,SOCD40H3
SOCB35H3,SOCD40H3
SOCB06H3,SOCD40H3
SOCB05H3,SOCD40H3
SOCB40H3,SOCD40H3
SOCB41H3,SOCD40H3
SOCB42H3,SOCD40H3
SOCB43H3,SOCD40H3
SOCA05H3,SOCD41H3
SOCA03Y3,SOCD41H3
SOCA01H3,SOCD41H3
SOCA02H3,SOCD41H3
SOCB35H3,SOCD41H3
SOCB06H3,SOCD41H3
SOCB05H3,SOCD41H3
SOCB40H3,SOCD41H3
SOCB41H3,SOCD41H3
SOCB42H3,SOCD41H3
SOCB43H3,SOCD41H3
SOCB05H3,SOCD42H3
SOCB30H3,SOCD42H3
SOCB42H3,SOCD42H3
SOCB43H3,SOCD42H3
SOCB47H3,SOCD42H3
SOCB05H3,SOCD44H3
SOCB30H3,SOCD44H3
SOCB42H3,SOCD44H3
SOCB43H3,SOCD44H3
SOCB47H3,SOCD44H3
SOCA05H3,SOCD50H3
SOCA03Y3,SOCD50H3
SOCA01H3,SOCD50H3
SOCA02H3,SOCD50H3
SOCB05H3,SOCD50H3
SOCB35H3,SOCD50H3
SOCB06H3,SOCD50H3
SOCC23H3,SOCD50H3
SOCC31H3,SOCD50H3
SOCB05H3,SOCD51H3
SOCB30H3,SOCD51H3
SOCB42H3,SOCD51H3
SOCB43H3,SOCD51H3
SOCB44H3,SOCD51H3
SOCB47H3,SOCD51H3
SOCB58H3,SOCD51H3
SOCB58H3,SOCD51H3
SOCB05H3,SOCD52H3
SOCB30H3,SOCD52H3
SOCB42H3,SOCD52H3
SOCB43H3,SOCD52H3
SOCB47H3,SOCD52H3
SOCB44H3,SOCD52H3
SOCB58H3,SOCD52H3
SOCB58H3,SOCD52H3
CSCA08H3,STAA57H3
STAB22H3,STAB27H3
STAB23H3,STAB27H3
ACTB40H3,STAB41H3
MGFB10H3,STAB41H3
MATA22H3,STAB52H3
MATA37H3,STAB52H3
MATA22H3,STAB53H3
MATA23H3,STAB53H3
MATA35H3,STAB53H3
MATA36H3,STAB53H3
MATA37H3,STAB53H3
STAB52H3,STAB57H3
STAB53H3,STAB57H3
STAB27H3,STAC32H3
MGEB12H3,STAC32H3
PSYC08H3,STAC32H3
STAB57H3,STAC33H3
STAB57H3,STAC50H3
STAC53H3,STAC50H3
STAC67H3,STAC51H3
STAB27H3,STAC53H3
MGEB12H3,STAC53H3
PSYC08H3,STAC53H3
STAB57H3,STAC58H3
STAC62H3,STAC58H3
MATB41H3,STAC62H3
STAB52H3,STAC62H3
STAC62H3,STAC63H3
STAB57H3,STAC67H3
STAB41H3,STAC70H3
MGFC30H3,STAC70H3
MGTC71H3,STAC70H3
STAC62H3,STAC70H3
STAC32H3,STAD29H3
STAC67H3,STAD37H3
STAC62H3,STAD57H3
STAC67H3,STAD57H3
CSCC11H3,STAD68H3
STAC58H3,STAD68H3
STAC67H3,STAD68H3
STAC70H3,STAD70H3
STAD37H3,STAD70H3
STAB57H3,STAD78H3
STAC62H3,STAD78H3
STAC58H3,STAD80H3
STAC67H3,STAD80H3
CSCC11H3,STAD80H3
STAC50H3,STAD81H3
STAC58H3,STAD81H3
STAC67H3,STAD81H3
THRA10H3,THRA11H3
VPDA10H3,THRA11H3
THRA11H3,THRB30H3
VPDA11H3,THRB30H3
THRA11H3,THRB31H3
VPDA11H3,THRB31H3
THRA11H3,THRB32H3
VPDA11H3,THRB32H3
THRA10H3,THRB41H3
THRA10H3,THRC21H3
THRB20H3,THRC21H3
THRB21H3,THRC21H3
THRB22H3,THRC21H3
THRA10H3,THRC24H3
THRA11H3,THRC24H3
THRA10H3,THRC30H3
VPDA10H3,THRC30H3
THRA10H3,THRC40H3
VPDA10H3,THRC40H3
THRA10H3,THRC41H3
VPDA10H3,THRC41H3
THRA10H3,THRC44H3
THRA11H3,THRC44H3
THRB30H3,THRC50H3
THRB31H3,THRC50H3
THRB32H3,THRC50H3
THRB55H3,THRC55H3
THRB56H3,THRC56H3
THRA10H3,THRD30H3
VPDA10H3,THRD30H3
THRA11H3,THRD30H3
VPDA11H3,THRD30H3
THRB30H3,THRD31H3
THRB31H3,THRD31H3
THRB32H3,THRD31H3
THRC55H3,THRD55H3
THRC56H3,THRD56H3
VPAA10H3,VPAA12H3
VPAA10H3,VPAB10H3
VPAA12H3,VPAB10H3
VPAA10H3,VPAB13H3
VPAA10H3,VPAB16H3
VPAA12H3,VPAB16H3
VPAA12H3,VPAB17H3
VPAB16H3,VPAB17H3
VPAA10H3,VPAB18H3
VPAA12H3,VPAB18H3
VPAB13H3,VPAC13H3
VPAB16H3,VPAC13H3
VPAA10H3,VPAC15H3
VPAA12H3,VPAC15H3
SOCB58H3,VPAC15H3
VPAA10H3,VPAC16H3
VPAA12H3,VPAC16H3
VPAB16H3,VPAC16H3
VPAA10H3,VPAC17H3
VPAA12H3,VPAC17H3
VPAA12H3,VPAC18H3
VPAB13H3,VPAC18H3
VPAB16H3,VPAC18H3
VPAA10H3,VPAC21H3
VPAA12H3,VPAC21H3
VPAB16H3,VPAC21H3
VPAA10H3,VPAC22H3
VPAA12H3,VPAC22H3
VPAB16H3,VPAC22H3
VPAC13H3,VPAD12H3
VPHA46H3,VPHB39H3
ACMA01H3,VPHB39H3
VPHA46H3,VPHB40H3
VPHA46H3,VPHB50H3
ACMA01H3,VPHB50H3
AFSA01H3,VPHB50H3
VPHA46H3,VPHB53H3
VPHA46H3,VPHB58H3
VPHA46H3,VPHB59H3
VPHB39H3,VPHB59H3
VPHA46H3,VPHB63H3
VPHA46H3,VPHB64H3
VPHA46H3,VPHB68H3
ACMA01H3,VPHB73H3
VPHA46H3,VPHB73H3
GASA01H3,VPHB73H3
VPHA46H3,VPHB74H3
ACMA01H3,VPHB77H3
VPHA46H3,VPHB77H3
GASA01H3,VPHB77H3
VPHA46H3,VPHB78H3
VPHA46H3,VPHB79H3
VPHB53H3,VPHC41H3
VPHB53H3,VPHC42H3
VPHA46H3,VPHC49H3
VPHB39H3,VPHC49H3
VPHA46H3,VPHC52H3
VPHA46H3,VPHC63H3
VPHB63H3,VPHC63H3
VPHB64H3,VPHC63H3
VPHB74H3,VPHC63H3
VPHB58H3,VPHC68H3
VPHB59H3,VPHC68H3
VPHA46H3,VPHC72H3
VPHB39H3,VPHC72H3
VPHB39H3,VPHC74H3
VPHB73H3,VPHC74H3
HISB58H3,VPHC74H3
GASB31H3,VPHC74H3
GASB33H3,VPHC74H3
GASB35H3,VPHC74H3
VPHB39H3,VPHC75H3
VPSA62H3,VPSB01H3
VPSA63H3,VPSB01H3
VPSA62H3,VPSB02H3
VPSA63H3,VPSB02H3
VPSA62H3,VPSB58H3
VPSA63H3,VPSB58H3
VPSA63H3,VPSB59H3
VPSA62H3,VPSB61H3
VPSA63H3,VPSB61H3
VPSB61H3,VPSB62H3
VPSB56H3,VPSB67H3
VPSA62H3,VPSB70H3
VPSA63H3,VPSB70H3
VPSA62H3,VPSB71H3
VPSA63H3,VPSB71H3
VPSA62H3,VPSB73H3
VPSA63H3,VPSB73H3
VPSA62H3,VPSB74H3
VPSA63H3,VPSB74H3
VPSB70H3,VPSB74H3
VPSB67H3,VPSB75H3
VPSB58H3,VPSB76H3
VPSA62H3,VPSB77H3
VPSA63H3,VPSB77H3
VPSB56H3,VPSB80H3
VPSA62H3,VPSB85H3
VPSA63H3,VPSB85H3
VPSA62H3,VPSB86H3
VPSA63H3,VPSB86H3
VPSB59H3,VPSB86H3
VPSA62H3,VPSB88H3
VPSA63H3,VPSB88H3
VPSA62H3,VPSB89H3
VPSA63H3,VPSB89H3
VPSB56H3,VPSB89H3
VPSB89H3,VPSB90H3
VPHA46H3,VPSC04H3
VPSB77H3,VPSC04H3
THRA11H3,VPSC04H3
VPDA11H3,VPSC04H3
VPDA15H3,VPSC04H3
VPHA46H3,VPSC51H3
VPSB73H3,VPSC51H3
VPHA46H3,VPSC53H3
VPSB59H3,VPSC53H3
VPSB86H3,VPSC53H3
VPHA46H3,VPSC54H3
VPSB62H3,VPSC54H3
VPHA46H3,VPSC56H3
VPSB56H3,VPSC70H3
VPSB58H3,VPSC70H3
VPSB76H3,VPSC70H3
VPSB80H3,VPSC70H3
VPSB86H3,VPSC70H3
VPSB88H3,VPSC70H3
VPSB89H3,VPSC70H3
VPSB90H3,VPSC70H3
NMEB05H3,VPSC70H3
NMEB08H3,VPSC70H3
NMEB09H3,VPSC70H3
VPHA46H3,VPSC70H3
VPHA46H3,VPSC71H3
VPSB58H3,VPSC71H3
VPSB67H3,VPSC71H3
VPSB75H3,VPSC71H3
VPSB76H3,VPSC71H3
VPSB77H3,VPSC71H3
VPHA46H3,VPSC73H3
VPSB70H3,VPSC73H3
VPSB74H3,VPSC73H3
VPHA46H3,VPSC75H3
VPSB59H3,VPSC75H3
VPSB71H3,VPSC75H3
VPSB86H3,VPSC75H3
VPHA46H3,VPSC76H3
VPSB56H3,VPSC76H3
VPSB58H3,VPSC76H3
VPSB67H3,VPSC76H3
VPHA46H3,VPSC77H3
VPSB56H3,VPSC77H3
VPSB67H3,VPSC77H3
VPHA46H3,VPSC80H3
VPSB56H3,VPSC80H3
VPHA46H3,VPSC95H3
VPSC56H3,VPSD56H3
VPSC56H3,VPSD63H3
VPSC85H3,VPSD63H3
WSTA01H3,WSTB05H3
WSTA03H3,WSTB05H3
WSTA02H3,WSTB05H3
WSTA01H3,WSTB11H3
WSTA03H3,WSTB11H3
WSTA02H3,WSTB11H3
WSTA01H3,WSTB12H3
WSTA03H3,WSTB12H3
WSTA02H3,WSTB12H3
WSTB05H3,WSTB12H3
WSTB11H3,WSTB12H3
WSTA01H3,WSTB13H3
WSTA03H3,WSTB13H3
WSTA02H3,WSTB13H3
WSTB05H3,WSTC02H3
WSTB11H3,WSTC02H3
AFSA03H3,WSTC10H3
IDSA02H3,WSTC10H3
IDSB01H3,WSTC10H3
IDSB02H3,WSTC10H3
WSTA01H3,WSTC10H3
WSTA03H3,WSTC10H3
WSTA01H3,WSTC12H3
WSTA03H3,WSTC12H3
WSTA02H3,WSTC12H3
WSTA01H3,WSTC14H3
WSTA03H3,WSTC14H3
WSTA02H3,WSTC14H3
WSTA01H3,WSTC16H3
WSTA03H3,WSTC16H3
WSTA02H3,WSTC16H3
WSTA01H3,WSTC22H3
WSTA02H3,WSTC22H3
WSTA03H3,WSTC22H3
WSTA01H3,WSTC23H3
WSTA03H3,WSTC23H3
WSTA02H3,WSTC23H3
WSTB05H3,WSTC23H3
WSTB11H3,WSTC23H3
WSTC02H3,WSTC23H3
WSTA03H3,WSTC26H3
WSTB11H3,WSTC26H3
WSTA01H3,WSTC28H3
WSTA03H3,WSTC28H3
WSTA01H3,WSTC30H3
WSTA03H3,WSTC30H3
WSTA02H3,WSTC30H3
WSTA01H3,WSTC31H3
WSTA03H3,WSTC31H3
WSTA02H3,WSTC31H3
WSTA01H3,WSTC40H3
WSTA03H3,WSTC40H3
WSTA01H3,WSTD01H3
WSTB05H3,WSTD01H3
WSTA03H3,WSTD01H3
WSTA02H3,WSTD01H3
WSTA01H3,WSTD03H3
WSTA03H3,WSTD03H3
WSTA02H3,WSTD03H3
WSTB11H3,WSTD03H3
WSTA03H3,WSTD08H3
WSTB11H3,WSTD08H3
WSTB22H3,WSTD08H3
WSTC26H3,WSTD08H3
WSTB11H3,WSTD09H3
WSTB05H3,WSTD10H3
WSTB11H3,WSTD11H3
